bus_id,route,bus_type,depot,date,capacity,passengers,occupancy_rate,distance_km,fare_per_passenger,revenue,fuel_consumed_liters,month,day_of_week,profit,fuel_efficiency_km_per_liter,revenue_per_km
AP0001,Kurnool-Hyderabad,Volvo AC,Guntur,2024-11-26,49,32,65.77,326.58,908.75,29079.96,75.73,November,Tuesday,20749.659999999996,4.312425722963158,89.04390960867168
AP0002,Anantapur-Bangalore,Sleeper,Tirupati,2024-10-03,36,14,41.42,291.91,770.66,10789.3,71.55,October,Thursday,2918.7999999999993,4.079804332634522,36.96104963858723
AP0003,Hyderabad-Vijayawada,Volvo AC,Vijayawada,2024-07-06,49,43,89.26,238.41,277.49,11932.08,47.85,July,Saturday,6668.58,4.98244514106583,50.04857178809614
AP0004,Eluru-Hyderabad,Semi-Sleeper,Kurnool,2024-11-02,63,52,83.97,347.55,199.64,10381.38,72.64,November,Saturday,2390.9799999999996,4.784553964757709,29.870176952956406
AP0005,Kurnool-Hyderabad,Sleeper,Hyderabad,2024-09-20,44,31,70.62,444.88,591.89,18348.44,77.17,September,Friday,9859.739999999998,5.7649345600622,41.24357130012587
AP0006,Eluru-Hyderabad,Super Luxury,Kurnool,2024-09-16,49,33,68.86,212.21,421.03,13893.87,50.32,September,Monday,8358.670000000002,4.21720985691574,65.47226803637906
AP0007,Guntur-Hyderabad,Sleeper,Nellore,2024-10-30,40,37,93.01,371.86,668.27,24725.94,71.44,October,Wednesday,16867.54,5.205207166853304,66.49260474372075
AP0008,Eluru-Hyderabad,Semi-Sleeper,Nellore,2024-02-22,55,41,75.38,202.15,295.16,12101.44,51.51,February,Thursday,6435.340000000001,3.924480683362454,59.863665594855306
AP0009,Nellore-Chennai,Express,Hyderabad,2024-12-10,55,13,24.74,265.66,434.36,5646.7,64.96,December,Tuesday,-1498.8999999999996,4.089593596059114,21.255363999096588
AP0010,Kurnool-Hyderabad,Ordinary,Hyderabad,2024-08-18,63,55,88.32,397.6,296.57,16311.34,71.73,August,Sunday,8421.04,5.5430085041126445,41.024496981891346
AP0011,Kakinada-Vijayawada,Ordinary,Tirupati,2024-03-02,59,46,79.51,325.43,276.5,12719.05,83.78,March,Saturday,3503.25,3.884339937932681,39.08382755123989
AP0012,Nellore-Chennai,Sleeper,Visakhapatnam,2024-05-10,44,32,72.76,246.22,416.65,13332.87,55.46,May,Friday,7232.27,4.439596105301118,54.1502315002843
AP0013,Hyderabad-Vijayawada,Sleeper,Vijayawada,2024-02-11,44,27,62.34,235.7,559.65,15110.65,45.7,February,Sunday,10083.65,5.157549234135667,64.10967331353416
AP0014,Chittoor-Bangalore,Sleeper,Visakhapatnam,2024-08-18,36,19,54.02,440.35,715.67,13597.7,97.53,August,Sunday,2869.4000000000015,4.515021019173588,30.87930055637561
AP0015,Kadapa-Hyderabad,Super Luxury,Guntur,2024-05-13,49,33,67.47,203.3,478.73,15797.96,38.99,May,Monday,11509.059999999998,5.214157476275968,77.70762420068863
AP0016,Chittoor-Bangalore,Volvo AC,Tirupati,2024-10-09,49,31,63.51,279.79,1074.37,33305.55,66.02,October,Wednesday,26043.350000000002,4.23795819448652,119.03767111047571
AP0017,Ongole-Hyderabad,Ordinary,Tirupati,2024-06-13,59,35,59.71,84.48,142.05,4971.71,17.69,June,Thursday,3025.81,4.775579423403053,58.85073390151515
AP0018,Hyderabad-Vijayawada,Super Luxury,Vijayawada,2024-06-28,49,35,72.51,279.52,667.94,23377.92,83.86,June,Friday,14153.319999999998,3.333174338182685,83.63594733829422
AP0019,Hyderabad-Vijayawada,Semi-Sleeper,Hyderabad,2024-04-22,63,39,62.66,246.22,182.32,7110.43,54.97,April,Monday,1063.7300000000005,4.479170456612698,28.878360815530826
AP0020,Nellore-Chennai,Ordinary,Visakhapatnam,2024-05-05,59,59,100.0,341.99,254.82,15034.29,79.41,May,Sunday,6299.1900000000005,4.306636443772825,43.96119769583906
AP0021,Hyderabad-Visakhapatnam,Sleeper,Tirupati,2024-05-02,44,20,45.9,632.86,1053.71,21074.13,124.05,May,Thursday,7428.630000000001,5.101652559451834,33.29982934614291
AP0022,Hyderabad-Vijayawada,Semi-Sleeper,Guntur,2024-07-19,63,60,95.88,282.69,362.42,21744.99,57.28,July,Friday,15444.190000000002,4.935230446927374,76.92168099331424
AP0023,Chittoor-Bangalore,Super Luxury,Kurnool,2024-05-26,53,36,68.63,421.81,718.45,25864.23,112.82,May,Sunday,13454.03,3.7387874490338593,61.31725184324696
AP0024,Vijayawada-Visakhapatnam,Volvo AC,Hyderabad,2024-05-30,53,48,91.0,398.2,616.12,29573.53,75.98,May,Thursday,21215.729999999996,5.24085285601474,74.26803114013059
AP0025,Eluru-Hyderabad,Semi-Sleeper,Vijayawada,2024-01-02,59,33,56.54,351.3,315.08,10397.69,73.15,January,Tuesday,2351.1899999999996,4.802460697197539,29.5977512097922
AP0026,Hyderabad-Vijayawada,Semi-Sleeper,Tirupati,2024-10-30,63,48,77.29,256.45,330.04,15841.86,74.47,October,Wednesday,7650.160000000001,3.4436685913790788,61.77367907974264
AP0027,Hyderabad-Tirupati,Volvo AC,Kurnool,2024-04-21,57,53,93.26,571.35,923.53,48946.99,96.33,April,Sunday,38350.69,5.9311740890688265,85.6690119891485
AP0028,Ongole-Hyderabad,Ordinary,Visakhapatnam,2024-06-09,63,28,45.98,230.87,238.56,6679.7,45.94,June,Sunday,1626.3000000000002,5.025468001741402,28.932732706718067
AP0029,Vijayawada-Visakhapatnam,Ordinary,Kurnool,2024-06-24,63,27,43.59,254.01,342.69,9252.57,47.18,June,Monday,4062.7699999999995,5.383849088596863,36.42600685012401
AP0030,Chittoor-Bangalore,Super Luxury,Visakhapatnam,2024-09-20,49,36,74.41,342.29,402.21,14479.72,71.71,September,Friday,6591.62,4.773253381676197,42.302492038914366
AP0031,Anantapur-Bangalore,Super Luxury,Vijayawada,2024-11-12,53,17,33.13,209.36,795.05,13515.88,46.81,November,Tuesday,8366.779999999999,4.47254860072634,64.55808177302254
AP0032,Hyderabad-Tirupati,Volvo AC,Visakhapatnam,2024-08-20,53,41,77.86,544.41,797.68,32705.02,107.35,August,Tuesday,20896.52,5.071355379599441,60.074245513491675
AP0033,Vijayawada-Tirupati,Sleeper,Hyderabad,2024-06-09,36,32,90.93,328.25,1081.4,34604.78,79.68,June,Sunday,25839.979999999996,4.119603413654618,105.42202589489717
AP0034,Hyderabad-Tirupati,Express,Hyderabad,2024-10-14,63,44,69.97,527.9,509.63,22423.85,114.19,October,Monday,9862.949999999999,4.622996759786321,42.477457851865886
AP0035,Eluru-Hyderabad,Semi-Sleeper,Nellore,2024-10-25,59,34,57.86,438.28,254.66,8658.33,105.85,October,Friday,-2985.17,4.140576287198867,19.755247786802958
AP0036,Guntur-Hyderabad,Sleeper,Vijayawada,2024-11-08,36,29,82.71,276.7,792.71,22988.48,59.43,November,Friday,16451.18,4.655897694766953,83.0808818214673
AP0037,Vijayawada-Visakhapatnam,Sleeper,Tirupati,2024-04-01,40,31,79.76,318.47,939.56,29126.32,62.36,April,Monday,22266.72,5.106959589480437,91.45702891952145
AP0038,Hyderabad-Visakhapatnam,Express,Nellore,2024-11-09,59,54,93.02,574.23,279.99,15119.29,119.99,November,Saturday,1920.3900000000012,4.785648804067006,26.329676262124934
AP0039,Kakinada-Vijayawada,Semi-Sleeper,Hyderabad,2024-04-17,55,29,53.3,295.87,178.55,5177.96,57.77,April,Wednesday,-1176.7400000000007,5.121516357971265,17.500794267752728
AP0040,Vijayawada-Tirupati,Volvo AC,Kurnool,2024-05-23,57,26,46.97,273.45,809.11,21036.97,56.52,May,Thursday,14819.77,4.838110403397027,76.93168769427685
AP0041,Kadapa-Hyderabad,Express,Tirupati,2024-02-27,59,26,45.14,272.82,269.21,6999.42,46.8,February,Tuesday,1851.42,5.82948717948718,25.65581702221245
AP0042,Kakinada-Vijayawada,Ordinary,Nellore,2024-09-28,55,15,27.76,223.91,275.42,4131.32,42.78,September,Saturday,-574.4800000000005,5.233987844787284,18.450806127461927
AP0043,Kadapa-Hyderabad,Sleeper,Kurnool,2024-07-22,40,31,78.43,394.38,486.96,15095.66,77.03,July,Monday,6622.360000000001,5.119823445410879,38.27694102134997
AP0044,Kakinada-Vijayawada,Express,Guntur,2024-09-02,59,34,57.9,308.0,270.51,9197.2,66.79,September,Monday,1850.3000000000002,4.611468782751909,29.861038961038965
AP0045,Vijayawada-Tirupati,Volvo AC,Vijayawada,2024-12-01,49,36,75.12,447.26,800.36,28813.06,77.98,December,Sunday,20235.260000000002,5.735573223903565,64.42127621517686
AP0046,Kurnool-Hyderabad,Express,Hyderabad,2024-06-27,59,52,88.89,246.56,434.41,22589.15,52.87,June,Thursday,16773.45,4.663514280310195,91.61725340687866
AP0047,Anantapur-Bangalore,Sleeper,Tirupati,2024-01-12,40,23,57.83,283.1,779.08,17918.81,74.39,January,Friday,9735.910000000002,3.805619034816508,63.29498410455669
AP0048,Eluru-Hyderabad,Semi-Sleeper,Vijayawada,2024-03-30,63,43,68.55,329.19,258.82,11129.43,80.18,March,Saturday,2309.629999999999,4.105637316038912,33.80853002825116
AP0049,Ongole-Hyderabad,Express,Visakhapatnam,2024-08-04,55,38,69.67,402.94,337.78,12835.5,92.57,August,Sunday,2652.800000000001,4.35281408663714,31.854618553630814
AP0050,Vijayawada-Tirupati,Sleeper,Hyderabad,2024-04-05,44,38,87.79,347.91,300.98,11437.35,75.73,April,Friday,3107.0499999999993,4.594084246665786,32.87445028886781
AP0051,Nellore-Chennai,Semi-Sleeper,Guntur,2024-09-29,63,23,37.78,309.21,311.16,7156.64,65.66,September,Sunday,-65.95999999999913,4.709259823332318,23.144917693476927
AP0052,Hyderabad-Vijayawada,Semi-Sleeper,Tirupati,2024-08-10,63,56,89.24,280.88,208.14,11656.12,63.83,August,Saturday,4634.820000000001,4.400438665204449,41.49857590430077
AP0053,Vijayawada-Visakhapatnam,Super Luxury,Vijayawada,2024-02-22,53,53,100.0,462.35,477.27,25295.15,74.4,February,Thursday,17111.15,6.214381720430107,54.70995998702282
AP0054,Kurnool-Hyderabad,Ordinary,Nellore,2024-11-26,63,38,61.54,382.45,249.02,9462.77,65.49,November,Tuesday,2258.870000000001,5.839822873721179,24.74250228788077
AP0055,Hyderabad-Visakhapatnam,Volvo AC,Hyderabad,2024-06-16,49,46,95.37,604.83,922.77,42447.34,111.04,June,Sunday,30232.939999999995,5.446956051873199,70.1806127341567
AP0056,Kakinada-Vijayawada,Ordinary,Vijayawada,2024-11-22,55,33,61.58,465.44,123.47,4074.43,113.02,November,Friday,-8357.769999999999,4.1182091665192,8.75393176349261
AP0057,Rajahmundry-Hyderabad,Sleeper,Tirupati,2024-03-31,44,26,60.68,381.09,938.77,24408.04,67.09,March,Sunday,17028.14,5.680280220599195,64.0479676716786
AP0058,Kakinada-Vijayawada,Express,Visakhapatnam,2024-05-27,55,21,39.95,494.37,398.1,8360.07,166.56,May,Monday,-9961.529999999999,2.968119596541787,16.91055282480733
AP0059,Chittoor-Bangalore,Sleeper,Nellore,2024-11-07,36,27,75.42,296.03,928.8,25077.73,88.0,November,Thursday,15397.73,3.3639772727272725,84.71347498564336
AP0060,Hyderabad-Vijayawada,Semi-Sleeper,Guntur,2024-05-26,63,56,89.75,272.48,255.57,14312.04,57.63,May,Sunday,7972.740000000001,4.72809300711435,52.52510275983558
AP0061,Vijayawada-Visakhapatnam,Ordinary,Vijayawada,2024-09-15,63,30,48.88,565.32,212.25,6367.49,145.47,September,Sunday,-9634.210000000001,3.886162095277377,11.263514469680887
AP0062,Kurnool-Hyderabad,Ordinary,Visakhapatnam,2024-03-30,55,49,89.64,266.03,241.13,11815.15,66.17,March,Saturday,4536.45,4.020401994861719,44.41284817501786
AP0063,Nellore-Chennai,Express,Tirupati,2024-05-24,55,34,63.01,317.66,324.09,11018.95,100.15,May,Friday,2.4500000000007276,3.1718422366450327,34.68787382736259
AP0064,Rajahmundry-Hyderabad,Ordinary,Guntur,2024-07-15,55,49,89.56,337.72,295.71,14489.68,67.29,July,Monday,7087.78,5.0188735324713925,42.9044178609499
AP0065,Eluru-Hyderabad,Ordinary,Vijayawada,2024-08-26,55,42,77.84,339.2,151.46,6361.38,59.28,August,Monday,-159.42000000000007,5.721997300944669,18.754068396226415
AP0066,Hyderabad-Vijayawada,Super Luxury,Guntur,2024-04-07,53,51,96.54,279.13,507.63,25889.24,59.1,April,Sunday,19388.24,4.723011844331641,92.74975817719343
AP0067,Rajahmundry-Hyderabad,Super Luxury,Nellore,2024-05-12,49,36,74.17,384.25,583.71,21013.41,63.73,May,Sunday,14003.11,6.029342538835714,54.68681847755368
AP0068,Guntur-Hyderabad,Super Luxury,Guntur,2024-03-18,49,41,84.02,304.99,839.42,34416.28,61.02,March,Monday,27704.079999999998,4.998197312356604,112.84396209711794
AP0069,Rajahmundry-Hyderabad,Semi-Sleeper,Hyderabad,2024-02-03,59,48,82.72,383.59,259.62,12461.94,78.36,February,Saturday,3842.34,4.895227156712608,32.48765609113898
AP0070,Chittoor-Bangalore,Express,Vijayawada,2024-08-23,63,39,62.31,443.71,555.12,21649.49,109.71,August,Friday,9581.390000000003,4.0443897548081305,48.791981249014
AP0071,Vijayawada-Tirupati,Semi-Sleeper,Kurnool,2024-04-12,63,54,86.84,498.9,283.1,15287.24,95.9,April,Friday,4738.24,5.202294056308654,30.64189216275807
AP0072,Guntur-Hyderabad,Volvo AC,Vijayawada,2024-11-03,53,25,48.62,263.14,1011.68,25292.12,57.29,November,Sunday,18990.22,4.593122709024263,96.11659192825113
AP0073,Rajahmundry-Hyderabad,Semi-Sleeper,Hyderabad,2024-10-11,63,59,95.02,540.59,211.06,12452.71,115.46,October,Friday,-247.88999999999942,4.682054391131128,23.035405760372925
AP0074,Vijayawada-Visakhapatnam,Express,Hyderabad,2024-07-23,55,32,58.89,349.38,229.66,7349.18,72.45,July,Tuesday,-620.3199999999997,4.822360248447205,21.034918999370316
AP0075,Ongole-Hyderabad,Super Luxury,Visakhapatnam,2024-01-08,45,33,73.87,584.2,581.56,19191.59,161.45,January,Monday,1432.0900000000001,3.6184577268504188,32.851061280383426
AP0076,Vijayawada-Visakhapatnam,Volvo AC,Hyderabad,2024-02-20,49,38,79.1,357.6,787.46,29923.64,74.78,February,Tuesday,21697.84,4.7820272800213965,83.6790827740492
AP0077,Hyderabad-Tirupati,Sleeper,Guntur,2024-02-03,40,22,55.48,514.15,469.55,10330.05,118.28,February,Saturday,-2680.75,4.346888738586405,20.09151025965185
AP0078,Hyderabad-Vijayawada,Semi-Sleeper,Vijayawada,2024-02-25,55,41,75.63,304.46,241.84,9915.61,70.12,February,Sunday,2202.41,4.341985168282943,32.567857846679374
AP0079,Ongole-Hyderabad,Super Luxury,Nellore,2024-01-28,53,40,75.53,322.49,626.72,25068.77,121.31,January,Sunday,11724.67,2.658395845354876,77.73503054358275
AP0080,Kurnool-Hyderabad,Semi-Sleeper,Vijayawada,2024-09-30,63,37,60.18,397.18,318.11,11770.15,79.11,September,Monday,3068.0499999999993,5.02060422196941,29.634296792386323
AP0081,Kakinada-Vijayawada,Semi-Sleeper,Visakhapatnam,2024-09-29,63,34,55.47,331.31,180.3,6130.21,74.26,September,Sunday,-2038.3900000000003,4.46148666846216,18.5029428631795
AP0082,Kurnool-Hyderabad,Semi-Sleeper,Vijayawada,2024-03-07,55,42,78.1,518.71,125.16,5256.7,99.65,March,Thursday,-5704.8,5.205318615153035,10.134179021032946
AP0083,Rajahmundry-Hyderabad,Sleeper,Vijayawada,2024-08-23,40,24,62.08,558.45,713.93,17134.23,99.5,August,Friday,6189.23,5.612562814070352,30.68176201987644
AP0084,Hyderabad-Tirupati,Express,Hyderabad,2024-08-16,59,41,70.66,549.72,471.15,19316.96,172.35,August,Friday,358.4599999999991,3.189556135770235,35.13963472313177
AP0085,Rajahmundry-Hyderabad,Ordinary,Guntur,2024-03-15,63,42,67.69,367.4,197.95,8313.84,70.3,March,Friday,580.8400000000001,5.226173541963016,22.628851388132826
AP0086,Vijayawada-Visakhapatnam,Semi-Sleeper,Kurnool,2024-07-21,63,31,49.35,406.63,192.08,5954.48,78.72,July,Sunday,-2704.720000000001,5.16552337398374,14.643484248579789
AP0087,Nellore-Chennai,Express,Visakhapatnam,2024-08-12,59,41,69.89,273.67,356.92,14633.75,89.55,August,Monday,4783.25,3.0560580681183698,53.4722475974714
AP0088,Vijayawada-Visakhapatnam,Ordinary,Tirupati,2024-12-21,59,24,41.91,236.09,270.78,6498.67,50.08,December,Saturday,989.8699999999999,4.714257188498403,27.526239993222923
AP0089,Kadapa-Hyderabad,Super Luxury,Visakhapatnam,2024-01-13,49,33,68.89,549.7,577.72,19064.67,90.3,January,Saturday,9131.669999999998,6.0874861572536,34.68195379297798
AP0090,Nellore-Chennai,Express,Tirupati,2024-02-07,55,20,37.41,342.83,483.57,9671.38,93.14,February,Wednesday,-574.0200000000004,3.68080309211939,28.21042499197853
AP0091,Kurnool-Hyderabad,Super Luxury,Kurnool,2024-03-16,45,43,97.58,366.97,516.04,22189.66,80.27,March,Saturday,13359.960000000001,4.571695527594369,60.467231653813656
AP0092,Hyderabad-Tirupati,Super Luxury,Hyderabad,2024-09-26,45,44,98.7,558.44,673.21,29621.09,133.9,September,Thursday,14892.09,4.170575056011949,53.042565002506976
AP0093,Chittoor-Bangalore,Semi-Sleeper,Visakhapatnam,2024-03-29,63,32,51.58,424.24,281.56,9009.8,90.36,March,Friday,-929.8000000000011,4.694997786631253,21.23750707146898
AP0094,Kadapa-Hyderabad,Express,Hyderabad,2024-12-18,59,59,100.0,375.02,349.92,20645.36,72.9,December,Wednesday,12626.36,5.144307270233195,55.051357260946084
AP0095,Kurnool-Hyderabad,Ordinary,Hyderabad,2024-02-08,59,29,50.8,439.24,153.16,4441.64,95.98,February,Thursday,-6116.160000000001,4.576370077099396,10.112102722884984
AP0096,Hyderabad-Tirupati,Semi-Sleeper,Kurnool,2024-06-05,59,36,61.79,558.46,347.18,12498.4,134.0,June,Wednesday,-2241.6000000000004,4.1676119402985075,22.38011674963292
AP0097,Hyderabad-Vijayawada,Volvo AC,Kurnool,2024-10-15,53,41,78.72,287.42,836.37,34291.3,54.15,October,Tuesday,28334.800000000003,5.307848568790398,119.30728550553198
AP0098,Ongole-Hyderabad,Volvo AC,Kurnool,2024-06-07,53,53,100.0,453.75,789.65,41851.35,110.89,June,Friday,29653.449999999997,4.091892866804942,92.23438016528925
AP0099,Eluru-Hyderabad,Volvo AC,Guntur,2024-11-19,49,29,60.32,248.14,746.03,21634.73,36.06,November,Tuesday,17668.129999999997,6.881308929561841,87.18759571209802
AP0100,Chittoor-Bangalore,Sleeper,Vijayawada,2024-01-11,40,22,57.3,272.62,704.91,15507.97,77.8,January,Thursday,6949.969999999999,3.504113110539846,56.88493140635316
AP0101,Ongole-Hyderabad,Express,Kurnool,2024-04-20,59,31,53.22,368.05,359.31,11138.47,55.64,April,Saturday,5018.07,6.614845434938893,30.26346963727754
AP0102,Nellore-Chennai,Volvo AC,Visakhapatnam,2024-04-15,49,36,74.52,371.69,821.88,29587.64,76.58,April,Monday,21163.84,4.853617132410551,79.60300250208508
AP0103,Hyderabad-Vijayawada,Volvo AC,Nellore,2024-06-30,49,49,100.0,265.59,531.71,26053.84,64.72,June,Sunday,18934.64,4.10367737948084,98.09797055612034
AP0104,Kurnool-Hyderabad,Ordinary,Hyderabad,2024-05-16,63,57,91.41,291.19,254.46,14504.11,66.28,May,Thursday,7213.31,4.393331321665661,49.80978055565095
AP0105,Kakinada-Vijayawada,Volvo AC,Hyderabad,2024-12-12,57,11,20.0,343.45,970.45,10674.94,66.74,December,Thursday,3333.540000000001,5.146089301768056,31.08149657883244
AP0106,Hyderabad-Vijayawada,Super Luxury,Visakhapatnam,2024-12-09,45,32,72.76,234.55,431.19,13797.99,52.63,December,Monday,8008.69,4.456583697510926,58.82749946706459
AP0107,Hyderabad-Vijayawada,Ordinary,Guntur,2024-03-24,59,54,91.9,259.74,397.92,21487.49,52.86,March,Sunday,15672.890000000001,4.913734392735528,82.72691922691924
AP0108,Rajahmundry-Hyderabad,Ordinary,Tirupati,2024-08-11,55,39,72.53,292.17,186.07,7256.78,77.47,August,Sunday,-1264.920000000001,3.7713953788563317,24.83752609781976
AP0109,Kadapa-Hyderabad,Semi-Sleeper,Nellore,2024-10-12,59,41,70.06,292.63,357.98,14677.03,72.03,October,Saturday,6753.7300000000005,4.062612800222129,50.15558896900523
AP0110,Nellore-Chennai,Super Luxury,Vijayawada,2024-04-23,49,19,39.99,84.9,756.0,14363.98,15.8,April,Tuesday,12625.98,5.3734177215189876,169.18704358068314
AP0111,Ongole-Hyderabad,Semi-Sleeper,Visakhapatnam,2024-09-22,55,38,69.43,360.97,222.58,8458.23,82.93,September,Sunday,-664.0700000000015,4.352707102375497,23.431947253234338
AP0112,Kakinada-Vijayawada,Super Luxury,Kurnool,2024-12-14,53,33,62.5,398.53,812.24,26804.07,102.66,December,Saturday,15511.47,3.882037794661991,67.25734574561514
AP0113,Nellore-Chennai,Ordinary,Hyderabad,2024-09-05,63,28,45.43,607.14,193.64,5421.99,131.44,September,Thursday,-9036.41,4.619141813755325,8.930378495898804
AP0114,Eluru-Hyderabad,Sleeper,Visakhapatnam,2024-06-13,40,35,89.67,474.98,725.78,25402.26,98.21,June,Thursday,14599.16,4.836371041645454,53.48069392395469
AP0115,Guntur-Hyderabad,Sleeper,Kurnool,2024-03-25,44,30,70.36,486.32,806.76,24202.75,95.06,March,Monday,13746.15,5.115926783084368,49.76712863957888
AP0116,Hyderabad-Tirupati,Sleeper,Visakhapatnam,2024-01-11,40,40,100.0,555.68,399.44,15977.59,108.99,January,Thursday,3988.6900000000005,5.098449399027434,28.753221278433635
AP0117,Kakinada-Vijayawada,Express,Visakhapatnam,2024-08-13,55,39,72.12,468.52,244.34,9529.15,118.19,August,Tuesday,-3471.75,3.9641255605381165,20.338832920686418
AP0118,Vijayawada-Tirupati,Volvo AC,Visakhapatnam,2024-01-09,49,29,59.38,577.85,994.36,28836.57,254.25,January,Tuesday,869.0699999999997,2.272763028515241,49.90321017565112
AP0119,Nellore-Chennai,Express,Guntur,2024-08-02,59,29,50.61,221.16,264.17,7660.79,48.28,August,Friday,2349.99,4.580778790389395,34.63913004159884
AP0120,Vijayawada-Tirupati,Super Luxury,Kurnool,2024-03-16,45,31,71.04,343.1,355.56,11022.39,140.76,March,Saturday,-4461.209999999999,2.437482239272521,32.12588166715243
AP0121,Kurnool-Hyderabad,Sleeper,Vijayawada,2024-09-24,44,28,65.31,375.6,623.64,17461.95,71.05,September,Tuesday,9646.45,5.286418015482055,46.49081469648562
AP0122,Kadapa-Hyderabad,Ordinary,Guntur,2024-11-05,59,32,55.81,164.52,102.73,3287.36,44.37,November,Tuesday,-1593.3399999999997,3.7079107505070996,19.981522003403843
AP0123,Anantapur-Bangalore,Ordinary,Visakhapatnam,2024-06-12,55,30,55.55,197.6,261.78,7853.3,51.17,June,Wednesday,2224.6000000000004,3.8616376783271447,39.74342105263158
AP0124,Hyderabad-Vijayawada,Super Luxury,Nellore,2024-03-09,53,40,76.99,282.4,681.15,27246.01,60.76,March,Saturday,20562.41,4.647794601711652,96.48020538243627
AP0125,Nellore-Chennai,Ordinary,Vijayawada,2024-03-13,59,36,62.44,301.99,203.95,7342.16,47.64,March,Wednesday,2101.76,6.339000839630563,24.31259313222292
AP0126,Rajahmundry-Hyderabad,Ordinary,Hyderabad,2024-08-16,59,43,74.29,270.3,408.0,17544.09,60.89,August,Friday,10846.19,4.439152570208573,64.90599334073252
AP0127,Chittoor-Bangalore,Volvo AC,Visakhapatnam,2024-10-31,57,16,28.6,448.57,924.36,14789.79,111.46,October,Thursday,2529.1900000000023,4.024493091692087,32.97097442985488
AP0128,Kadapa-Hyderabad,Ordinary,Vijayawada,2024-07-16,59,59,100.0,478.45,267.4,15776.64,94.72,July,Tuesday,5357.439999999999,5.051203547297297,32.974480091963635
AP0129,Nellore-Chennai,Ordinary,Vijayawada,2024-10-14,59,34,58.84,364.49,127.88,4347.78,86.91,October,Monday,-5212.320000000001,4.193878725117939,11.928393097204312
AP0130,Kakinada-Vijayawada,Ordinary,Nellore,2024-11-10,63,63,100.0,394.66,149.92,9444.98,91.16,November,Sunday,-582.6200000000008,4.329311101360246,23.931941417929355
AP0131,Kurnool-Hyderabad,Sleeper,Vijayawada,2024-04-17,44,15,34.31,359.61,944.19,14162.91,87.07,April,Wednesday,4585.210000000001,4.130125186631447,39.384082756319344
AP0132,Chittoor-Bangalore,Sleeper,Vijayawada,2024-01-15,40,32,80.27,323.9,714.34,22858.83,70.29,January,Monday,15126.93,4.608052354531227,70.57372645878358
AP0133,Nellore-Chennai,Ordinary,Tirupati,2024-04-17,59,47,80.87,85.27,197.95,9303.8,16.77,April,Wednesday,7459.099999999999,5.084675014907573,109.1098862436965
AP0134,Ongole-Hyderabad,Express,Nellore,2024-04-05,63,47,74.7,358.23,425.62,20003.96,66.93,April,Friday,12641.659999999998,5.352308381891528,55.84110766825782
AP0135,Hyderabad-Tirupati,Super Luxury,Nellore,2024-12-24,53,34,65.24,529.85,989.66,33648.29,122.1,December,Tuesday,20217.29,4.33947583947584,63.50531282438426
AP0136,Vijayawada-Visakhapatnam,Sleeper,Hyderabad,2024-05-25,40,21,54.36,428.62,624.37,13111.69,103.58,May,Saturday,1717.8900000000012,4.13805754006565,30.59047641267323
AP0137,Ongole-Hyderabad,Sleeper,Hyderabad,2024-12-09,44,31,71.25,156.63,782.81,24267.22,44.32,December,Monday,19392.02,3.5340703971119134,154.9334099470089
AP0138,Vijayawada-Visakhapatnam,Volvo AC,Visakhapatnam,2024-11-28,57,24,43.49,345.05,766.86,18404.53,68.46,November,Thursday,10873.93,5.040169442009933,53.338733516881604
AP0139,Hyderabad-Visakhapatnam,Ordinary,Nellore,2024-08-28,55,45,82.39,607.44,263.32,11849.23,148.19,August,Wednesday,-4451.67,4.099062014980769,19.506831950480702
AP0140,Kakinada-Vijayawada,Super Luxury,Kurnool,2024-03-02,53,44,83.88,492.05,677.29,29800.8,121.69,March,Saturday,16414.9,4.043471115128606,60.56457677065339
AP0141,Hyderabad-Vijayawada,Super Luxury,Visakhapatnam,2024-11-18,53,34,64.45,273.0,494.22,16803.43,50.55,November,Monday,11242.93,5.400593471810089,61.55102564102564
AP0142,Anantapur-Bangalore,Volvo AC,Guntur,2024-05-03,49,32,66.69,264.94,857.17,27429.54,57.8,May,Friday,21071.54,4.5837370242214535,103.53113912583981
AP0143,Eluru-Hyderabad,Semi-Sleeper,Visakhapatnam,2024-11-18,59,59,100.0,440.75,247.35,14593.64,97.32,November,Monday,3888.4400000000005,4.528873818331278,33.11092456040839
AP0144,Nellore-Chennai,Express,Visakhapatnam,2024-02-28,63,45,72.76,312.17,440.94,19842.36,63.23,February,Wednesday,12887.060000000001,4.9370551953186785,63.562674183938235
AP0145,Anantapur-Bangalore,Ordinary,Guntur,2024-07-06,59,45,77.15,381.78,290.19,13058.7,95.53,July,Saturday,2550.4000000000015,3.9964409086150945,34.20477762061921
AP0146,Kurnool-Hyderabad,Sleeper,Visakhapatnam,2024-12-28,44,36,83.34,333.29,692.51,24930.29,72.18,December,Saturday,16990.489999999998,4.617484067608756,74.80059407723004
AP0147,Vijayawada-Tirupati,Semi-Sleeper,Nellore,2024-08-11,59,30,52.13,268.92,279.49,8384.82,51.82,August,Sunday,2684.62,5.189502122732536,31.179607318161533
AP0148,Kadapa-Hyderabad,Semi-Sleeper,Visakhapatnam,2024-03-14,63,48,76.35,327.88,251.97,12094.63,70.48,March,Thursday,4341.829999999999,4.652099886492621,36.887367329510795
AP0149,Rajahmundry-Hyderabad,Express,Nellore,2024-08-06,55,37,69.02,305.36,281.46,10413.95,65.59,August,Tuesday,3199.05,4.6555877420338465,34.10384464238931
AP0150,Hyderabad-Vijayawada,Volvo AC,Kurnool,2024-11-01,53,53,100.0,267.8,753.2,39919.7,58.19,November,Friday,33518.799999999996,4.602165320501805,149.06534727408513
AP0151,Ongole-Hyderabad,Sleeper,Tirupati,2024-02-02,36,29,80.66,287.09,599.39,17382.43,65.77,February,Friday,10147.73,4.365060057777102,60.54697133303146
AP0152,Guntur-Hyderabad,Super Luxury,Visakhapatnam,2024-04-08,49,49,100.0,417.83,516.72,25319.28,93.65,April,Monday,15017.779999999999,4.4616123865456485,60.59708493885073
AP0153,Kadapa-Hyderabad,Ordinary,Nellore,2024-01-27,63,48,76.62,462.19,353.89,16986.85,83.3,January,Saturday,7823.8499999999985,5.548499399759904,36.75295873991215
AP0154,Hyderabad-Tirupati,Ordinary,Kurnool,2024-02-27,55,31,57.8,503.83,232.21,7198.42,124.51,February,Tuesday,-6497.68,4.046502288972773,14.287398527281027
AP0155,Chittoor-Bangalore,Semi-Sleeper,Nellore,2024-09-27,55,40,72.8,224.85,187.58,7503.03,39.76,September,Friday,3129.4300000000003,5.655181086519115,33.36904603068712
AP0156,Chittoor-Bangalore,Super Luxury,Tirupati,2024-02-19,45,24,55.4,334.13,640.45,15370.81,94.1,February,Monday,5019.8099999999995,3.5507970244420832,46.00248406308921
AP0157,Vijayawada-Visakhapatnam,Super Luxury,Guntur,2024-12-05,49,36,74.18,513.81,629.48,22661.21,90.13,December,Thursday,12746.91,5.70076556085654,44.10426032969386
AP0158,Vijayawada-Visakhapatnam,Ordinary,Kurnool,2024-12-09,59,29,50.71,190.86,204.09,5918.58,38.54,December,Monday,1679.1800000000003,4.952257394914375,31.010059729644762
AP0159,Nellore-Chennai,Super Luxury,Guntur,2024-04-04,49,17,36.44,304.77,582.15,9896.56,119.01,April,Thursday,-3194.540000000001,2.5608772372069573,32.47222495652459
AP0160,Guntur-Hyderabad,Super Luxury,Guntur,2024-02-15,53,43,82.04,323.67,638.7,27464.08,77.48,February,Thursday,18941.28,4.177465152297367,84.85210245002627
AP0161,Eluru-Hyderabad,Semi-Sleeper,Kurnool,2024-10-15,59,34,57.8,370.84,201.24,6842.17,129.36,October,Tuesday,-7387.430000000002,2.866728509585652,18.45046381188653
AP0162,Rajahmundry-Hyderabad,Sleeper,Kurnool,2024-05-22,44,31,70.78,413.21,519.71,16110.96,111.17,May,Wednesday,3882.2599999999984,3.716920032382837,38.98976307446577
AP0163,Hyderabad-Visakhapatnam,Express,Nellore,2024-09-20,55,42,76.99,646.24,435.19,18277.94,135.02,September,Friday,3425.739999999998,4.786253888312842,28.283516959643475
AP0164,Nellore-Chennai,Express,Tirupati,2024-07-26,63,51,81.78,561.58,342.05,17444.74,129.52,July,Friday,3197.540000000001,4.335855466337245,31.06367748139179
AP0165,Vijayawada-Visakhapatnam,Semi-Sleeper,Vijayawada,2024-01-12,63,56,89.97,523.6,241.93,13548.31,112.4,January,Friday,1184.3099999999995,4.658362989323844,25.875305576776164
AP0166,Kurnool-Hyderabad,Volvo AC,Guntur,2024-07-01,57,39,68.64,402.28,1273.71,49674.76,99.55,July,Monday,38724.26,4.040984429934706,123.48304663418516
AP0167,Hyderabad-Tirupati,Volvo AC,Vijayawada,2024-02-04,57,25,45.04,521.8,901.2,22529.96,105.38,February,Sunday,10938.16,4.951603719870943,43.177385971636646
AP0168,Kadapa-Hyderabad,Sleeper,Kurnool,2024-10-19,44,32,73.34,463.13,896.39,28684.43,108.2,October,Saturday,16782.43,4.280314232902033,61.936022283160234
AP0169,Vijayawada-Visakhapatnam,Volvo AC,Tirupati,2024-09-06,53,48,91.6,372.45,805.72,38674.53,69.78,September,Friday,30998.73,5.3374892519346515,103.8381796214257
AP0170,Vijayawada-Tirupati,Express,Tirupati,2024-05-10,63,30,48.54,261.18,236.7,7101.14,76.6,May,Friday,-1324.8599999999997,3.409660574412533,27.188682134926104
AP0171,Kadapa-Hyderabad,Express,Guntur,2024-11-29,59,47,80.94,294.97,337.44,15859.86,74.44,November,Friday,7671.460000000001,3.962520150456744,53.76770519035834
AP0172,Hyderabad-Visakhapatnam,Sleeper,Guntur,2024-08-18,40,25,63.96,606.87,680.68,17017.03,113.43,August,Sunday,4539.729999999998,5.3501719121925415,28.04065121030863
AP0173,Rajahmundry-Hyderabad,Volvo AC,Vijayawada,2024-06-12,49,31,64.3,220.53,853.64,26462.94,40.62,June,Wednesday,21994.739999999998,5.429098966026588,119.9970072099034
AP0174,Kadapa-Hyderabad,Super Luxury,Vijayawada,2024-09-20,49,38,78.81,333.65,285.73,10857.6,93.1,September,Friday,616.6000000000004,3.5837808807733618,32.54188520905141
AP0175,Anantapur-Bangalore,Volvo AC,Hyderabad,2024-07-22,49,16,33.91,186.33,651.6,10425.54,34.1,July,Monday,6674.540000000001,5.464222873900294,55.95202060859765
AP0176,Vijayawada-Tirupati,Ordinary,Hyderabad,2024-11-29,63,60,95.82,319.67,212.58,12754.98,66.55,November,Friday,5434.48,4.803456048084148,39.9004598492195
AP0177,Hyderabad-Visakhapatnam,Ordinary,Nellore,2024-06-27,55,46,84.44,606.2,151.01,6946.58,124.77,June,Thursday,-6778.119999999999,4.858539713072053,11.45922137908281
AP0178,Ongole-Hyderabad,Volvo AC,Vijayawada,2024-08-10,57,21,38.17,441.63,703.81,14780.03,92.45,August,Saturday,4610.530000000001,4.776960519199567,33.4669972601499
AP0179,Nellore-Chennai,Super Luxury,Vijayawada,2024-01-08,53,10,20.0,256.15,664.18,6641.81,51.07,January,Monday,1024.1100000000006,5.015664773839827,25.92937731797775
AP0180,Hyderabad-Visakhapatnam,Sleeper,Hyderabad,2024-10-16,40,32,82.26,606.19,570.26,18248.25,129.69,October,Wednesday,3982.3500000000004,4.674146040558255,30.103185469902172
AP0181,Hyderabad-Vijayawada,Express,Visakhapatnam,2024-03-16,55,55,100.0,277.76,396.91,21830.12,59.95,March,Saturday,15235.619999999999,4.633194328607172,78.59346198156682
AP0182,Anantapur-Bangalore,Ordinary,Kurnool,2024-03-09,63,47,75.03,241.04,264.45,12429.23,41.52,March,Saturday,7862.029999999999,5.805394990366088,51.565009956853636
AP0183,Rajahmundry-Hyderabad,Express,Kurnool,2024-11-19,55,39,71.21,323.8,500.51,19520.06,79.09,November,Tuesday,10820.160000000002,4.0940700467821465,60.284311303273626
AP0184,Hyderabad-Visakhapatnam,Sleeper,Kurnool,2024-05-08,40,22,56.59,625.8,914.1,20110.3,149.47,May,Wednesday,3668.5999999999985,4.186793336455476,32.135346756152124
AP0185,Nellore-Chennai,Semi-Sleeper,Kurnool,2024-11-11,55,45,83.29,222.2,142.76,6424.1,69.76,November,Monday,-1249.5,3.1852064220183482,28.911341134113414
AP0186,Kadapa-Hyderabad,Ordinary,Hyderabad,2024-04-19,59,32,55.15,366.97,198.88,6364.26,93.14,April,Friday,-3881.1399999999994,3.9399828215589436,17.34272556339755
AP0187,Ongole-Hyderabad,Express,Vijayawada,2024-08-15,59,38,64.76,186.93,175.09,6653.44,40.32,August,Thursday,2218.24,4.636160714285714,35.59321671213823
AP0188,Eluru-Hyderabad,Super Luxury,Nellore,2024-04-16,53,46,87.8,481.88,689.21,31703.8,105.46,April,Tuesday,20103.2,4.569315380238954,65.7918983979414
AP0189,Kurnool-Hyderabad,Sleeper,Tirupati,2024-02-21,44,35,80.7,274.6,723.28,25314.63,64.23,February,Wednesday,18249.33,4.275260781566247,92.18729060451565
AP0190,Ongole-Hyderabad,Super Luxury,Guntur,2024-03-17,49,46,95.88,501.45,626.98,28841.27,97.97,March,Sunday,18064.57,5.118403592936613,57.51574434140991
AP0191,Vijayawada-Visakhapatnam,Express,Hyderabad,2024-11-07,59,36,61.26,295.97,294.14,10588.9,60.27,November,Thursday,3959.199999999999,4.910735025717604,35.77693685170794
AP0192,Hyderabad-Vijayawada,Express,Guntur,2024-02-16,55,40,73.87,282.16,539.74,21589.66,105.34,February,Friday,10002.26,2.678564647807101,76.51566487099517
AP0193,Anantapur-Bangalore,Sleeper,Nellore,2024-04-30,36,36,100.0,407.93,744.55,26803.79,75.15,April,Tuesday,18537.29,5.428210246174317,65.70683695732112
AP0194,Kadapa-Hyderabad,Express,Hyderabad,2024-06-15,59,38,64.49,419.27,474.72,18039.23,86.16,June,Saturday,8561.63,4.8661792014856085,43.02532973978582
AP0195,Kakinada-Vijayawada,Ordinary,Vijayawada,2024-04-17,63,43,68.64,231.24,204.58,8796.92,48.7,April,Wednesday,3439.92,4.748254620123203,38.04238021103615
AP0196,Hyderabad-Visakhapatnam,Ordinary,Nellore,2024-06-08,55,42,77.16,634.49,145.05,6092.22,109.42,June,Saturday,-5943.9800000000005,5.7986656918296475,9.601758892969157
AP0197,Anantapur-Bangalore,Express,Hyderabad,2024-09-19,59,15,26.29,306.52,545.95,8189.24,77.65,September,Thursday,-352.2600000000002,3.947456535737282,26.716821088346602
AP0198,Vijayawada-Tirupati,Express,Visakhapatnam,2024-06-15,55,11,20.52,406.9,213.18,2344.98,70.12,June,Saturday,-5368.220000000001,5.802909298345693,5.76303760137626
AP0199,Kadapa-Hyderabad,Semi-Sleeper,Tirupati,2024-09-25,63,37,59.78,466.19,203.47,7528.22,143.06,September,Wednesday,-8208.380000000001,3.2587026422480077,16.148394431454985
AP0200,Hyderabad-Vijayawada,Volvo AC,Vijayawada,2024-03-07,49,38,78.08,284.47,695.82,26441.05,87.4,March,Thursday,16827.05,3.254805491990847,92.94846556754665
AP0201,Guntur-Hyderabad,Volvo AC,Guntur,2024-10-12,53,38,72.16,517.26,528.55,20084.86,106.98,October,Saturday,8317.06,4.835109366236679,38.829331477400146
AP0202,Vijayawada-Visakhapatnam,Semi-Sleeper,Tirupati,2024-04-30,63,46,73.89,258.5,354.9,16325.25,56.63,April,Tuesday,10095.95,4.564718347165813,63.15377176015474
AP0203,Kurnool-Hyderabad,Volvo AC,Hyderabad,2024-01-05,57,38,67.51,240.77,332.89,12649.65,56.69,January,Friday,6413.75,4.247133533251015,52.53831457407484
AP0204,Vijayawada-Visakhapatnam,Volvo AC,Hyderabad,2024-10-14,53,44,84.54,431.33,815.04,35861.65,109.17,October,Monday,23852.95,3.9509938627828154,83.14202582709295
AP0205,Hyderabad-Vijayawada,Sleeper,Tirupati,2024-08-24,40,35,89.35,270.64,827.46,28961.08,64.84,August,Saturday,21828.68,4.173966687230104,107.00960685781851
AP0206,Hyderabad-Visakhapatnam,Ordinary,Guntur,2024-06-02,55,35,64.22,593.04,152.37,5333.11,184.22,June,Sunday,-14931.09,3.2191944414287263,8.99283353568056
AP0207,Vijayawada-Visakhapatnam,Express,Nellore,2024-10-17,63,31,49.39,358.18,444.9,13791.93,81.02,October,Thursday,4879.730000000001,4.420883732411751,38.505583784689264
AP0208,Ongole-Hyderabad,Express,Kurnool,2024-06-11,63,51,81.51,299.29,329.69,16814.38,69.43,June,Tuesday,9177.08,4.31067261990494,56.180894784322895
AP0209,Hyderabad-Visakhapatnam,Super Luxury,Vijayawada,2024-04-19,49,37,76.8,609.5,706.84,26153.11,118.25,April,Friday,13145.61,5.1543340380549685,42.909122231337165
AP0210,Guntur-Hyderabad,Semi-Sleeper,Guntur,2024-01-25,59,43,73.27,312.83,272.95,11737.0,84.41,January,Thursday,2451.8999999999996,3.706077478971686,37.51878016814244
AP0211,Eluru-Hyderabad,Volvo AC,Guntur,2024-06-08,49,37,75.81,422.58,901.55,33357.41,102.25,June,Saturday,22109.910000000003,4.132811735941321,78.93750295801979
AP0212,Kadapa-Hyderabad,Super Luxury,Kurnool,2024-09-23,53,49,93.85,281.13,351.54,17225.22,63.18,September,Monday,10275.420000000002,4.449667616334283,61.27136911749013
AP0213,Hyderabad-Visakhapatnam,Sleeper,Nellore,2024-09-19,36,24,68.84,595.82,598.54,14365.04,114.94,September,Thursday,1721.6400000000012,5.183748042456934,24.10969755966567
AP0214,Chittoor-Bangalore,Ordinary,Tirupati,2024-11-03,55,39,72.52,196.57,148.05,5773.97,37.59,November,Sunday,1639.0699999999997,5.229316307528597,29.373607366332607
AP0215,Vijayawada-Visakhapatnam,Volvo AC,Kurnool,2024-01-07,57,31,55.82,213.31,591.21,18327.37,49.38,January,Sunday,12895.57,4.319765087079789,85.91894425952837
AP0216,Anantapur-Bangalore,Volvo AC,Kurnool,2024-08-17,53,39,75.18,326.73,908.29,35423.41,89.2,August,Saturday,25611.410000000003,3.6628923766816146,108.41799038961834
AP0217,Eluru-Hyderabad,Sleeper,Vijayawada,2024-07-06,36,30,83.69,250.59,521.18,15635.34,55.99,July,Saturday,9476.439999999999,4.475620646544026,62.394109900634504
AP0218,Anantapur-Bangalore,Sleeper,Tirupati,2024-09-08,40,20,50.84,305.67,576.36,11527.1,80.61,September,Sunday,2660.0,3.7919612951246746,37.7109300880034
AP0219,Hyderabad-Visakhapatnam,Super Luxury,Hyderabad,2024-04-14,49,39,79.82,615.7,751.79,29319.63,131.96,April,Sunday,14804.03,4.665807820551683,47.61999350332954
AP0220,Hyderabad-Vijayawada,Ordinary,Hyderabad,2024-08-19,55,55,100.0,279.88,201.55,11085.29,64.09,August,Monday,4035.3900000000003,4.366983928850054,39.60729598399315
AP0221,Vijayawada-Tirupati,Volvo AC,Visakhapatnam,2024-12-08,53,30,58.05,480.17,313.66,9409.72,83.52,December,Sunday,222.52000000000044,5.749161877394637,19.596642855655286
AP0222,Nellore-Chennai,Sleeper,Visakhapatnam,2024-05-31,36,21,58.48,429.31,591.22,12415.6,78.31,May,Friday,3801.5,5.482186183118375,28.919894714774873
AP0223,Hyderabad-Vijayawada,Sleeper,Tirupati,2024-09-17,40,37,94.48,258.85,555.55,20555.4,84.12,September,Tuesday,11302.2,3.0771516880646694,79.41046938381302
AP0224,Ongole-Hyderabad,Semi-Sleeper,Vijayawada,2024-04-14,59,55,94.67,263.86,298.57,16421.38,69.52,April,Sunday,8774.18,3.795454545454546,62.235200485105736
AP0225,Rajahmundry-Hyderabad,Ordinary,Vijayawada,2024-09-14,59,43,74.21,285.65,326.98,14059.97,54.49,September,Saturday,8066.069999999999,5.242246283721784,49.220969718186595
AP0226,Guntur-Hyderabad,Sleeper,Guntur,2024-07-01,40,34,87.44,313.5,707.38,24050.84,81.88,July,Monday,15044.04,3.8287738153395217,76.71719298245614
AP0227,Rajahmundry-Hyderabad,Ordinary,Visakhapatnam,2024-06-22,59,52,89.61,327.87,100.0,5200.0,76.63,June,Saturday,-3229.2999999999993,4.278611509852539,15.859944490194284
AP0228,Hyderabad-Vijayawada,Sleeper,Visakhapatnam,2024-05-28,44,40,92.03,287.56,481.76,19270.31,74.71,May,Tuesday,11052.210000000003,3.8490161959577036,67.01317985811657
AP0229,Ongole-Hyderabad,Semi-Sleeper,Kurnool,2024-12-10,63,58,92.6,462.48,303.03,17575.77,119.8,December,Tuesday,4397.77,3.860434056761269,38.00330825116762
AP0230,Guntur-Hyderabad,Volvo AC,Guntur,2024-04-04,49,39,79.71,431.27,691.97,26986.8,86.91,April,Thursday,17426.699999999997,4.962259808997814,62.57518491896028
AP0231,Eluru-Hyderabad,Super Luxury,Nellore,2024-01-03,53,45,85.85,430.34,674.17,30337.49,83.05,January,Wednesday,21201.99,5.181697772426249,70.4965608588558
AP0232,Eluru-Hyderabad,Semi-Sleeper,Visakhapatnam,2024-05-23,55,42,78.08,336.15,330.16,13866.56,95.48,May,Thursday,3363.7599999999984,3.520632593213238,41.2511081362487
AP0233,Nellore-Chennai,Ordinary,Tirupati,2024-10-28,59,25,42.99,220.65,233.28,5831.95,41.15,October,Monday,1305.4499999999998,5.362089914945322,26.43077271697258
AP0234,Kurnool-Hyderabad,Super Luxury,Visakhapatnam,2024-03-30,45,43,97.3,336.6,451.94,19433.32,74.6,March,Saturday,11227.32,4.51206434316354,57.734165181224
AP0235,Kakinada-Vijayawada,Semi-Sleeper,Tirupati,2024-08-30,59,43,72.97,427.38,187.21,8049.95,79.18,August,Friday,-659.8500000000013,5.397575145238696,18.83557957789321
AP0236,Eluru-Hyderabad,Semi-Sleeper,Visakhapatnam,2024-11-05,59,40,69.01,180.12,388.16,15526.28,31.79,November,Tuesday,12029.380000000001,5.665932683233722,86.19964468132356
AP0237,Nellore-Chennai,Sleeper,Vijayawada,2024-03-11,36,30,85.25,205.54,425.38,12761.46,64.82,March,Monday,5631.26,3.1709348966368407,62.08747689014304
AP0238,Vijayawada-Visakhapatnam,Sleeper,Kurnool,2024-09-10,40,26,66.07,536.13,603.22,15683.61,89.22,September,Tuesday,5869.41,6.009078681909886,29.25337138380617
AP0239,Nellore-Chennai,Express,Kurnool,2024-05-31,63,48,76.56,268.18,337.52,16201.01,59.63,May,Friday,9641.71,4.497400637263122,60.4109553285107
AP0240,Kadapa-Hyderabad,Volvo AC,Kurnool,2024-07-01,49,46,94.6,306.82,816.31,37550.38,80.93,July,Monday,28648.079999999994,3.7911775608550595,122.38569845512026
AP0241,Hyderabad-Vijayawada,Express,Nellore,2024-04-27,63,34,54.52,286.6,448.01,15232.2,55.05,April,Saturday,9176.7,5.206176203451409,53.14794138171668
AP0242,Kadapa-Hyderabad,Ordinary,Hyderabad,2024-03-18,63,63,100.0,327.35,244.94,15431.02,87.7,March,Monday,5784.02,3.732611174458381,47.13920879792271
AP0243,Chittoor-Bangalore,Super Luxury,Nellore,2024-09-15,45,40,90.86,385.62,882.69,35307.52,84.96,September,Sunday,25961.92,4.538841807909605,91.56039624500804
AP0244,Kadapa-Hyderabad,Super Luxury,Hyderabad,2024-09-01,49,49,100.0,160.4,853.05,41799.36,34.6,September,Sunday,37993.36,4.635838150289017,260.5945137157107
AP0245,Hyderabad-Tirupati,Express,Visakhapatnam,2024-03-14,55,39,72.08,514.99,503.3,19628.56,228.38,March,Thursday,-5493.239999999998,2.2549697871967775,38.11444882424902
AP0246,Vijayawada-Tirupati,Volvo AC,Kurnool,2024-11-08,57,35,62.84,62.87,702.65,24592.7,14.38,November,Friday,23010.9,4.372044506258693,391.1674884682679
AP0247,Vijayawada-Visakhapatnam,Semi-Sleeper,Hyderabad,2024-02-05,55,20,38.04,426.61,278.38,5567.65,77.83,February,Monday,-2993.6499999999996,5.481305409225235,13.05091301188439
AP0248,Vijayawada-Tirupati,Semi-Sleeper,Tirupati,2024-06-30,59,24,40.93,265.97,173.68,4168.2,70.7,June,Sunday,-3608.8,3.7619519094766622,15.67169229612362
AP0249,Eluru-Hyderabad,Express,Hyderabad,2024-01-07,59,44,74.79,107.58,347.39,15285.26,20.66,January,Sunday,13012.66,5.207163601161665,142.0827291318089
AP0250,Guntur-Hyderabad,Express,Visakhapatnam,2024-05-21,63,52,82.74,465.98,406.7,21148.35,110.99,May,Tuesday,8939.449999999999,4.198396251914588,45.384673161938274
AP0251,Rajahmundry-Hyderabad,Sleeper,Vijayawada,2024-06-09,36,30,84.16,396.64,549.21,16476.16,88.7,June,Sunday,6719.16,4.4717023675310035,41.53933037515127
AP0252,Hyderabad-Visakhapatnam,Sleeper,Tirupati,2024-03-01,40,29,72.54,630.35,551.84,16003.32,95.07,March,Friday,5545.620000000001,6.630377616493111,25.38799079876259
AP0253,Kadapa-Hyderabad,Express,Tirupati,2024-07-16,59,45,77.28,567.37,370.45,16670.06,108.02,July,Tuesday,4787.860000000002,5.252453249398259,29.381285580837904
AP0254,Hyderabad-Visakhapatnam,Ordinary,Vijayawada,2024-06-15,59,52,88.56,607.54,284.92,14816.09,112.6,June,Saturday,2430.09,5.395559502664298,24.387019784705537
AP0255,Guntur-Hyderabad,Volvo AC,Nellore,2024-10-03,53,40,75.86,136.69,1079.45,43177.81,30.57,October,Thursday,39815.11,4.4713771671573435,315.88126417440924
AP0256,Vijayawada-Visakhapatnam,Express,Nellore,2024-08-01,63,47,76.18,382.31,479.54,22538.56,88.95,August,Thursday,12754.060000000001,4.298032602585722,58.95362402239021
AP0257,Vijayawada-Visakhapatnam,Volvo AC,Kurnool,2024-03-06,53,15,28.74,386.72,741.64,11124.57,67.02,March,Wednesday,3752.37,5.770217845419278,28.766471865949523
AP0258,Rajahmundry-Hyderabad,Semi-Sleeper,Visakhapatnam,2024-03-29,63,55,88.22,379.88,256.67,14116.73,97.44,March,Friday,3398.33,3.8986042692939247,37.16102453406339
AP0259,Anantapur-Bangalore,Express,Visakhapatnam,2024-02-24,55,17,31.23,537.33,411.33,6992.56,100.17,February,Saturday,-4026.1400000000003,5.364180892482779,13.013529860607076
AP0260,Rajahmundry-Hyderabad,Semi-Sleeper,Vijayawada,2024-09-15,59,36,62.3,433.38,288.78,10396.03,104.23,September,Sunday,-1069.2700000000004,4.157919984649333,23.98825511098805
AP0261,Anantapur-Bangalore,Express,Visakhapatnam,2024-04-10,55,27,49.69,428.18,345.35,9324.43,86.43,April,Wednesday,-182.8700000000008,4.954066874927687,21.776892895511235
AP0262,Vijayawada-Visakhapatnam,Semi-Sleeper,Kurnool,2024-01-21,63,30,49.15,342.04,277.21,8316.28,70.35,January,Sunday,577.7800000000016,4.861975835110164,24.31376447199158
AP0263,Ongole-Hyderabad,Sleeper,Vijayawada,2024-07-14,44,31,71.17,289.66,485.98,15065.32,61.35,July,Sunday,8316.82,4.721434392828036,52.01035697024097
AP0264,Rajahmundry-Hyderabad,Volvo AC,Vijayawada,2024-05-13,57,32,56.14,383.85,695.2,22246.42,90.03,May,Monday,12343.119999999999,4.263578807064312,57.95602448873257
AP0265,Hyderabad-Tirupati,Volvo AC,Tirupati,2024-10-12,53,48,91.25,553.35,534.41,25651.81,120.55,October,Saturday,12391.310000000001,4.590211530485276,46.357296466973885
AP0266,Kakinada-Vijayawada,Sleeper,Tirupati,2024-03-15,36,18,51.79,271.6,598.25,10768.48,54.46,March,Friday,4777.879999999999,4.987146529562982,39.64830633284241
AP0267,Rajahmundry-Hyderabad,Semi-Sleeper,Hyderabad,2024-09-04,63,58,93.38,301.09,241.76,14021.97,63.55,September,Wednesday,7031.469999999999,4.7378442171518484,46.57069314822811
AP0268,Chittoor-Bangalore,Semi-Sleeper,Hyderabad,2024-08-14,63,33,52.44,249.97,319.43,10541.12,63.16,August,Wednesday,3593.5200000000013,3.9577264091196964,42.16954034484139
AP0269,Rajahmundry-Hyderabad,Sleeper,Guntur,2024-11-28,36,27,77.69,422.36,792.5,21397.59,83.9,November,Thursday,12168.59,5.034088200238378,50.66197083057108
AP0270,Eluru-Hyderabad,Express,Visakhapatnam,2024-02-15,63,53,84.76,312.07,427.27,22645.3,86.95,February,Thursday,13080.8,3.589074180563542,72.56480917742815
AP0271,Guntur-Hyderabad,Semi-Sleeper,Tirupati,2024-12-09,63,44,70.45,296.47,173.85,7649.49,66.96,December,Monday,283.8900000000003,4.427568697729989,25.80190238472695
AP0272,Ongole-Hyderabad,Express,Kurnool,2024-06-21,63,43,68.47,434.34,470.95,20250.64,88.71,June,Friday,10492.54,4.896178559350694,46.62393516599899
AP0273,Kurnool-Hyderabad,Semi-Sleeper,Nellore,2024-04-29,55,49,89.13,415.94,413.34,20253.64,99.25,April,Monday,9336.14,4.190831234256927,48.693657739096984
AP0274,Guntur-Hyderabad,Sleeper,Guntur,2024-03-29,36,25,71.72,348.06,678.42,16960.57,81.75,March,Friday,7968.07,4.257614678899083,48.728868585876
AP0275,Ongole-Hyderabad,Super Luxury,Guntur,2024-09-20,49,28,58.98,284.44,441.95,12374.53,61.58,September,Friday,5600.7300000000005,4.619032153296525,43.504886795106174
AP0276,Hyderabad-Visakhapatnam,Ordinary,Guntur,2024-03-02,63,49,78.22,621.18,322.2,15787.68,98.56,March,Saturday,4946.08,6.3025568181818175,25.41562832029364
AP0277,Hyderabad-Vijayawada,Semi-Sleeper,Tirupati,2024-06-20,55,50,92.43,262.88,255.6,12780.21,66.93,June,Thursday,5417.909999999998,3.9276856417152244,48.61613664029215
AP0278,Hyderabad-Vijayawada,Sleeper,Guntur,2024-11-27,44,33,75.42,284.8,607.6,20050.93,42.83,November,Wednesday,15339.630000000001,6.649544711650712,70.4035463483146
AP0279,Guntur-Hyderabad,Volvo AC,Kurnool,2024-01-21,53,50,95.6,315.1,902.24,45112.03,74.74,January,Sunday,36890.63,4.215948621889217,143.16734370041254
AP0280,Hyderabad-Tirupati,Semi-Sleeper,Tirupati,2024-03-16,63,58,92.99,525.86,296.39,17190.78,116.24,March,Saturday,4404.379999999999,4.523916035788025,32.69079222606777
AP0281,Kadapa-Hyderabad,Super Luxury,Kurnool,2024-03-27,53,32,61.04,354.36,465.6,14899.21,60.51,March,Wednesday,8243.11,5.856222112047596,42.04540580200925
AP0282,Guntur-Hyderabad,Semi-Sleeper,Kurnool,2024-05-21,59,32,55.2,327.98,190.6,6099.28,115.25,May,Tuesday,-6578.22,2.8458134490238614,18.596499786572352
AP0283,Hyderabad-Tirupati,Sleeper,Tirupati,2024-12-18,40,21,53.14,557.45,714.84,15011.62,117.83,December,Wednesday,2050.3200000000015,4.730968344224731,26.92908781056597
AP0284,Kakinada-Vijayawada,Sleeper,Guntur,2024-01-17,44,44,100.0,291.92,786.43,34602.76,56.32,January,Wednesday,28407.56,5.183238636363637,118.53507810359002
AP0285,Nellore-Chennai,Sleeper,Visakhapatnam,2024-05-26,44,35,79.85,540.12,735.17,25730.86,121.33,May,Sunday,12384.560000000001,4.451660759910987,47.63915426201585
AP0286,Anantapur-Bangalore,Sleeper,Nellore,2024-04-18,44,13,29.73,433.13,572.49,7442.33,99.46,April,Thursday,-3498.2699999999986,4.354816006434747,17.18267032992404
AP0287,Chittoor-Bangalore,Sleeper,Hyderabad,2024-11-19,36,22,62.94,312.3,613.05,13487.08,62.96,November,Tuesday,6561.48,4.960292249047014,43.18629522894653
AP0288,Ongole-Hyderabad,Ordinary,Nellore,2024-08-12,63,49,79.01,502.14,196.38,9622.62,122.26,August,Monday,-3825.9799999999996,4.107148699492884,19.16322141235512
AP0289,Chittoor-Bangalore,Express,Visakhapatnam,2024-11-02,63,35,56.63,483.02,451.19,15791.73,86.85,November,Saturday,6238.23,5.5615428900402994,32.693739389673304
AP0290,Anantapur-Bangalore,Sleeper,Vijayawada,2024-03-24,36,21,60.14,445.31,494.66,10387.85,94.15,March,Sunday,31.350000000000364,4.729792883696229,23.32723271428892
AP0291,Guntur-Hyderabad,Super Luxury,Guntur,2024-08-22,45,34,76.63,381.69,428.44,14567.0,63.4,August,Thursday,7593.0,6.0203470031545745,38.16447902748303
AP0292,Hyderabad-Vijayawada,Sleeper,Nellore,2024-04-08,44,37,85.99,290.72,347.31,12850.46,68.7,April,Monday,5293.459999999999,4.231732168850073,44.202187671986785
AP0293,Kadapa-Hyderabad,Ordinary,Guntur,2024-06-20,59,53,90.77,257.1,270.99,14362.42,92.65,June,Thursday,4170.92,2.7749595250944417,55.86316608323609
AP0294,Eluru-Hyderabad,Ordinary,Nellore,2024-01-07,63,43,69.82,223.31,243.74,10480.75,49.24,January,Sunday,5064.349999999999,4.535134037367993,46.93363485737316
AP0295,Vijayawada-Visakhapatnam,Sleeper,Hyderabad,2024-05-05,36,18,51.4,115.05,526.41,9475.33,24.13,May,Sunday,6821.030000000001,4.767923746373809,82.35836592785745
AP0296,Anantapur-Bangalore,Ordinary,Hyderabad,2024-11-16,59,54,92.31,377.19,327.19,17668.16,69.51,November,Saturday,10022.06,5.426413465688389,46.841538747050556
AP0297,Eluru-Hyderabad,Volvo AC,Hyderabad,2024-06-02,57,32,57.8,238.53,790.81,25305.79,52.1,June,Sunday,19574.79,4.5783109404990405,106.09059657066197
AP0298,Anantapur-Bangalore,Semi-Sleeper,Kurnool,2024-05-01,63,47,74.73,169.62,238.12,11191.54,40.23,May,Wednesday,6766.240000000002,4.2162565249813575,65.98007310458672
AP0299,Kadapa-Hyderabad,Sleeper,Vijayawada,2024-10-11,40,16,40.7,467.31,614.54,9832.65,97.44,October,Friday,-885.75,4.795874384236454,21.040957822430506
AP0300,Kadapa-Hyderabad,Super Luxury,Nellore,2024-12-08,45,36,80.96,507.28,597.25,21501.16,107.92,December,Sunday,9629.96,4.70051890289103,42.38519161015613
AP0301,Hyderabad-Tirupati,Super Luxury,Vijayawada,2024-01-21,49,42,87.73,545.8,681.42,28619.81,132.4,January,Sunday,14055.810000000001,4.122356495468277,52.43644192011727
AP0302,Chittoor-Bangalore,Super Luxury,Nellore,2024-04-20,53,33,63.33,332.81,413.76,13654.0,92.1,April,Saturday,3523.0,3.6135722041259504,41.02641146600162
AP0303,Hyderabad-Visakhapatnam,Super Luxury,Tirupati,2024-12-06,45,39,88.49,606.2,643.78,25107.39,107.25,December,Friday,13309.89,5.652214452214452,41.4176674364896
AP0304,Nellore-Chennai,Volvo AC,Guntur,2024-12-19,57,17,29.94,375.8,1328.87,22590.77,102.0,December,Thursday,11370.77,3.6843137254901963,60.11381053751996
AP0305,Anantapur-Bangalore,Semi-Sleeper,Guntur,2024-07-02,59,34,59.02,313.82,206.36,7016.39,66.43,July,Tuesday,-290.91000000000076,4.724070450097847,22.358007775157734
AP0306,Vijayawada-Visakhapatnam,Ordinary,Kurnool,2024-04-11,59,43,73.07,172.7,251.5,10814.6,31.35,April,Thursday,7366.1,5.508771929824561,62.62072958888246
AP0307,Anantapur-Bangalore,Ordinary,Kurnool,2024-06-27,63,55,87.49,327.82,202.35,11129.09,65.05,June,Thursday,3973.59,5.0395080707148345,33.94878286864743
AP0308,Vijayawada-Tirupati,Semi-Sleeper,Visakhapatnam,2024-06-11,63,33,53.26,478.07,345.52,11402.04,99.49,June,Tuesday,458.14000000000124,4.805206553422455,23.850147467944026
AP0309,Eluru-Hyderabad,Ordinary,Tirupati,2024-01-13,63,39,63.08,336.47,168.14,6557.53,63.45,January,Saturday,-421.97000000000025,5.302915681639086,19.489196659434718
AP0310,Eluru-Hyderabad,Semi-Sleeper,Guntur,2024-11-15,63,44,71.38,357.9,406.57,17888.86,66.73,November,Friday,10548.560000000001,5.3634047654728,49.98284436993574
AP0311,Ongole-Hyderabad,Sleeper,Tirupati,2024-05-14,40,35,87.94,296.44,587.19,20551.68,57.17,May,Tuesday,14262.98,5.1852370124191,69.32829577654837
AP0312,Hyderabad-Tirupati,Ordinary,Tirupati,2024-09-13,55,47,85.73,561.67,291.2,13686.56,114.89,September,Friday,1048.6599999999999,4.8887631647662975,24.367617996332367
AP0313,Vijayawada-Visakhapatnam,Super Luxury,Vijayawada,2024-12-23,49,20,42.55,333.69,566.62,11332.37,85.47,December,Monday,1930.67,3.904176904176904,33.96077197398784
AP0314,Anantapur-Bangalore,Super Luxury,Visakhapatnam,2024-05-24,49,47,97.61,389.06,764.51,35932.11,75.78,May,Friday,27596.31,5.13407231459488,92.3562175499923
AP0315,Kurnool-Hyderabad,Express,Vijayawada,2024-04-20,59,29,50.73,333.86,386.36,11204.3,84.9,April,Saturday,1865.2999999999993,3.932391048292108,33.55987539687294
AP0316,Eluru-Hyderabad,Volvo AC,Vijayawada,2024-04-27,53,34,65.55,303.07,974.58,33135.85,76.89,April,Saturday,24677.949999999997,3.941604890102744,109.33398224832547
AP0317,Kadapa-Hyderabad,Sleeper,Nellore,2024-01-31,36,20,56.41,498.12,814.38,16287.5,120.99,January,Wednesday,2978.6000000000004,4.117034465658319,32.697944270456915
AP0318,Hyderabad-Vijayawada,Semi-Sleeper,Vijayawada,2024-02-22,59,55,93.58,287.11,394.04,21672.25,77.16,February,Thursday,13184.65,3.720969414204251,75.48413500052244
AP0319,Nellore-Chennai,Semi-Sleeper,Kurnool,2024-10-16,63,38,61.31,280.45,157.55,5986.9,48.81,October,Wednesday,617.7999999999993,5.745748821962712,21.34747726867534
AP0320,Hyderabad-Visakhapatnam,Express,Nellore,2024-11-01,59,44,75.23,603.44,337.38,14844.76,130.5,November,Friday,489.7600000000002,4.624061302681993,24.60022537451942
AP0321,Nellore-Chennai,Ordinary,Kurnool,2024-06-10,55,23,42.66,368.49,316.01,7268.18,100.75,June,Monday,-3814.3199999999997,3.657468982630273,19.724225894868248
AP0322,Chittoor-Bangalore,Volvo AC,Tirupati,2024-08-05,57,20,36.22,376.54,424.09,8481.76,93.35,August,Monday,-1786.7399999999998,4.0336368505624,22.52552185690763
AP0323,Kadapa-Hyderabad,Ordinary,Tirupati,2024-08-22,59,52,88.89,308.55,363.82,18918.63,76.89,August,Thursday,10460.730000000001,4.012875536480687,61.31463296062227
AP0324,Kadapa-Hyderabad,Sleeper,Hyderabad,2024-10-19,44,30,69.09,574.11,581.51,17445.32,137.62,October,Saturday,2307.119999999999,4.171704694085162,30.386720314922226
AP0325,Kakinada-Vijayawada,Ordinary,Guntur,2024-09-12,55,32,59.4,250.38,100.0,3200.0,56.25,September,Thursday,-2987.5,4.4512,12.78057352823708
AP0326,Ongole-Hyderabad,Super Luxury,Tirupati,2024-06-14,53,29,55.11,266.88,632.99,18356.64,47.37,June,Friday,13145.939999999999,5.633945535148829,68.78237410071942
AP0327,Anantapur-Bangalore,Semi-Sleeper,Kurnool,2024-09-20,55,21,38.56,340.16,303.64,6376.41,81.91,September,Friday,-2633.6900000000005,4.152850689781468,18.74532572906867
AP0328,Kurnool-Hyderabad,Volvo AC,Vijayawada,2024-09-08,53,37,69.9,369.23,827.66,30623.41,84.27,September,Sunday,21353.71,4.381511807286104,82.93857487203098
AP0329,Anantapur-Bangalore,Super Luxury,Guntur,2024-04-11,45,28,62.38,241.76,338.42,9475.84,47.12,April,Thursday,4292.64,5.130730050933786,39.19523494374587
AP0330,Nellore-Chennai,Express,Kurnool,2024-01-17,63,38,61.65,93.77,417.65,15870.65,21.57,January,Wednesday,13497.95,4.34724153917478,169.25082649034874
AP0331,Chittoor-Bangalore,Semi-Sleeper,Tirupati,2024-12-05,59,32,54.74,551.79,248.46,7950.69,118.08,December,Thursday,-5038.11,4.673018292682927,14.408905561898548
AP0332,Kurnool-Hyderabad,Volvo AC,Nellore,2024-06-23,57,39,69.96,273.69,711.61,27752.65,59.39,June,Sunday,21219.75,4.608351574339114,101.4017684241295
AP0333,Ongole-Hyderabad,Ordinary,Vijayawada,2024-01-07,55,30,55.68,474.41,229.12,6873.71,123.5,January,Sunday,-6711.29,3.8413765182186235,14.488965241036233
AP0334,Vijayawada-Visakhapatnam,Ordinary,Kurnool,2024-04-20,55,53,96.75,366.48,391.69,20759.45,80.71,April,Saturday,11881.350000000002,4.540701276173957,56.645519537218945
AP0335,Hyderabad-Tirupati,Ordinary,Visakhapatnam,2024-07-13,55,50,92.3,509.98,279.7,13984.85,132.9,July,Saturday,-634.1499999999996,3.83732129420617,27.422349896074355
AP0336,Kadapa-Hyderabad,Ordinary,Guntur,2024-01-04,63,31,50.35,367.26,241.74,7493.93,88.59,January,Thursday,-2250.9699999999993,4.1456146291906535,20.40497195447367
AP0337,Kakinada-Vijayawada,Ordinary,Nellore,2024-07-17,59,36,61.03,223.98,292.97,10546.82,55.9,July,Wednesday,4397.82,4.0067978533094815,47.0882221626931
AP0338,Kakinada-Vijayawada,Ordinary,Vijayawada,2024-12-25,63,48,77.29,382.57,213.17,10232.04,90.99,December,Wednesday,223.14000000000124,4.204527970106605,26.745536764513687
AP0339,Vijayawada-Visakhapatnam,Volvo AC,Visakhapatnam,2024-02-16,53,18,34.85,323.7,637.83,11480.91,106.78,February,Friday,-264.8899999999994,3.031466566772804,35.46774791473587
AP0340,Eluru-Hyderabad,Ordinary,Kurnool,2024-08-11,59,42,72.66,453.56,162.87,6840.69,117.15,August,Sunday,-6045.81,3.8716175842936407,15.082216244818767
AP0341,Kadapa-Hyderabad,Express,Guntur,2024-07-20,59,47,81.18,331.96,410.77,19306.17,59.3,July,Saturday,12783.169999999998,5.597976391231029,58.158121460416915
AP0342,Ongole-Hyderabad,Sleeper,Nellore,2024-11-26,44,31,71.0,266.13,443.69,13754.32,55.19,November,Tuesday,7683.42,4.82206921543758,51.68271145680682
AP0343,Kadapa-Hyderabad,Express,Visakhapatnam,2024-05-18,55,32,58.52,354.8,561.66,17973.03,74.45,May,Saturday,9783.529999999999,4.765614506380121,50.65679255918827
AP0344,Vijayawada-Tirupati,Ordinary,Vijayawada,2024-05-04,59,37,63.14,403.51,192.67,7128.75,79.0,May,Saturday,-1561.25,5.107721518987342,17.666848405243986
AP0345,Hyderabad-Visakhapatnam,Ordinary,Visakhapatnam,2024-01-08,59,43,73.17,597.17,292.08,12559.36,122.11,January,Monday,-872.7399999999998,4.890426664482843,21.031465076946265
AP0346,Ongole-Hyderabad,Volvo AC,Nellore,2024-12-07,49,25,51.82,373.22,751.82,18795.44,105.5,December,Saturday,7190.439999999999,3.537630331753555,50.36021649429291
AP0347,Kadapa-Hyderabad,Semi-Sleeper,Tirupati,2024-02-24,59,42,71.89,301.0,299.48,12578.12,61.75,February,Saturday,5785.620000000001,4.874493927125506,41.78777408637874
AP0348,Nellore-Chennai,Super Luxury,Kurnool,2024-11-22,53,31,58.68,699.59,534.49,16569.25,210.13,November,Friday,-6545.049999999999,3.3293199447960786,23.68422933432439
AP0349,Hyderabad-Vijayawada,Super Luxury,Tirupati,2024-04-25,49,31,64.92,292.88,587.32,18206.78,72.74,April,Thursday,10205.38,4.026395380808359,62.16464080852226
AP0350,Kadapa-Hyderabad,Volvo AC,Guntur,2024-07-11,53,29,56.33,398.72,1075.74,31196.52,79.33,July,Thursday,22470.22,5.026093533341737,78.24167335473514
AP0351,Hyderabad-Vijayawada,Semi-Sleeper,Vijayawada,2024-05-28,55,47,85.63,282.38,163.16,7668.69,48.17,May,Tuesday,2369.99,5.862154868175213,27.157341171471067
AP0352,Hyderabad-Tirupati,Volvo AC,Vijayawada,2024-05-11,57,44,77.6,545.27,763.64,33600.38,104.11,May,Saturday,22148.28,5.23744116799539,61.62154528948961
AP0353,Kurnool-Hyderabad,Express,Tirupati,2024-04-21,55,41,74.82,264.0,254.88,10450.18,71.82,April,Sunday,2549.9800000000014,3.675856307435255,39.58401515151515
AP0354,Kurnool-Hyderabad,Semi-Sleeper,Tirupati,2024-07-13,59,56,95.78,351.11,139.51,7812.63,69.28,July,Saturday,191.82999999999993,5.067984988452656,22.251231807695593
AP0355,Eluru-Hyderabad,Super Luxury,Nellore,2024-06-29,49,28,58.93,356.32,785.37,21990.29,64.22,June,Saturday,14926.09,5.548427281220803,61.71500336775932
AP0356,Nellore-Chennai,Volvo AC,Nellore,2024-12-22,49,35,73.32,419.02,766.56,26829.63,170.8,December,Sunday,8041.630000000001,2.45327868852459,64.0294735334829
AP0357,Rajahmundry-Hyderabad,Express,Nellore,2024-08-26,59,42,72.56,417.94,499.5,20978.92,116.71,August,Monday,8140.82,3.5810127666866594,50.19600899650667
AP0358,Rajahmundry-Hyderabad,Sleeper,Guntur,2024-07-24,40,25,64.84,292.93,389.35,9733.87,57.58,July,Wednesday,3400.0700000000006,5.08735672108371,33.22933806711501
AP0359,Rajahmundry-Hyderabad,Semi-Sleeper,Visakhapatnam,2024-02-28,59,37,63.73,523.89,306.43,11337.88,99.16,February,Wednesday,430.27999999999884,5.283279548204922,21.641718681402583
AP0360,Kurnool-Hyderabad,Express,Vijayawada,2024-02-17,59,45,77.0,125.93,225.16,10132.28,29.53,February,Saturday,6883.9800000000005,4.264476803250932,80.4596204240451
AP0361,Vijayawada-Visakhapatnam,Ordinary,Visakhapatnam,2024-03-21,55,35,65.0,265.26,219.28,7674.88,53.79,March,Thursday,1757.9800000000005,4.931399888455103,28.93342381060092
AP0362,Rajahmundry-Hyderabad,Express,Nellore,2024-09-07,55,55,100.0,308.22,367.93,20236.33,58.67,September,Saturday,13782.630000000001,5.253451508437021,65.65547336318214
AP0363,Rajahmundry-Hyderabad,Sleeper,Hyderabad,2024-03-16,36,20,56.67,393.95,466.16,9323.18,76.9,March,Saturday,864.1800000000003,5.122886866059817,23.66589668739688
AP0364,Eluru-Hyderabad,Sleeper,Nellore,2024-05-07,40,32,82.4,395.42,361.52,11568.65,97.1,May,Tuesday,887.6499999999996,4.072296601441813,29.256613221384853
AP0365,Vijayawada-Visakhapatnam,Express,Hyderabad,2024-06-16,63,43,69.1,538.23,393.97,16940.76,119.4,June,Sunday,3806.7599999999984,4.507788944723618,31.47494565520316
AP0366,Hyderabad-Tirupati,Sleeper,Hyderabad,2024-04-04,36,16,45.77,554.68,667.46,10679.41,118.42,April,Thursday,-2346.790000000001,4.684006080054044,19.253281171125696
AP0367,Vijayawada-Visakhapatnam,Volvo AC,Nellore,2024-04-23,49,23,48.78,285.06,993.5,22850.44,55.7,April,Tuesday,16723.44,5.117773788150807,80.16010664421525
AP0368,Kurnool-Hyderabad,Super Luxury,Visakhapatnam,2024-05-19,49,32,65.4,227.31,610.46,19534.78,54.74,May,Sunday,13513.379999999997,4.152539276580197,85.93893801416567
AP0369,Hyderabad-Vijayawada,Semi-Sleeper,Hyderabad,2024-01-19,55,39,72.22,266.96,330.73,12898.28,85.18,January,Friday,3528.4799999999996,3.1340690302887997,48.315403056637706
AP0370,Guntur-Hyderabad,Sleeper,Visakhapatnam,2024-03-19,36,24,66.78,488.73,671.94,16126.52,90.22,March,Tuesday,6202.32,5.417091553979162,32.996787592331145
AP0371,Kurnool-Hyderabad,Semi-Sleeper,Nellore,2024-12-26,55,37,67.58,392.45,371.63,13750.2,89.9,December,Thursday,3861.2000000000007,4.365406006674082,35.03681997706715
AP0372,Rajahmundry-Hyderabad,Express,Kurnool,2024-06-17,59,44,76.16,388.82,267.17,11755.41,85.81,June,Monday,2316.3099999999995,4.5311735228994285,30.233552800781855
AP0373,Vijayawada-Tirupati,Express,Vijayawada,2024-09-22,55,37,67.49,200.35,265.32,9816.98,50.34,September,Sunday,4279.579999999999,3.979936432260627,48.999151484901425
AP0374,Hyderabad-Visakhapatnam,Ordinary,Visakhapatnam,2024-10-21,59,35,59.94,593.65,176.25,6168.79,122.44,October,Monday,-7299.61,4.848497223129696,10.391291164827761
AP0375,Anantapur-Bangalore,Sleeper,Nellore,2024-11-17,40,25,63.71,309.89,684.99,17124.77,51.68,November,Sunday,11439.970000000001,5.9963235294117645,55.26080222014264
AP0376,Ongole-Hyderabad,Sleeper,Vijayawada,2024-02-17,44,42,96.83,468.99,537.12,22558.85,88.31,February,Saturday,12844.749999999998,5.310723587362699,48.10091899614064
AP0377,Guntur-Hyderabad,Ordinary,Visakhapatnam,2024-11-10,55,28,51.95,565.53,302.45,8468.55,152.11,November,Sunday,-8263.550000000003,3.7179015186378273,14.97453715983237
AP0378,Guntur-Hyderabad,Super Luxury,Guntur,2024-10-27,49,27,55.1,299.66,658.6,17782.32,68.31,October,Sunday,10268.22,4.3867662128531695,59.34165387439097
AP0379,Vijayawada-Visakhapatnam,Ordinary,Hyderabad,2024-10-14,55,32,58.76,311.46,295.76,9464.47,64.4,October,Monday,2380.4699999999984,4.836335403726707,30.387433378282925
AP0380,Guntur-Hyderabad,Semi-Sleeper,Hyderabad,2024-05-06,59,44,74.79,372.53,385.97,16982.71,88.61,May,Monday,7235.609999999999,4.204153030132039,45.58749630902209
AP0381,Rajahmundry-Hyderabad,Volvo AC,Nellore,2024-02-10,49,24,50.9,376.39,712.65,17103.53,114.74,February,Saturday,4482.129999999999,3.2803730172564056,45.44097877201838
AP0382,Kakinada-Vijayawada,Express,Tirupati,2024-02-16,55,20,37.43,385.92,458.71,9174.28,77.89,February,Friday,606.380000000001,4.954679676466812,23.772491708126037
AP0383,Eluru-Hyderabad,Ordinary,Hyderabad,2024-11-26,59,50,85.47,418.21,230.3,11514.76,73.5,November,Tuesday,3429.76,5.6899319727891156,27.53344013772985
AP0384,Hyderabad-Visakhapatnam,Semi-Sleeper,Nellore,2024-06-22,63,51,81.79,573.45,282.63,14414.14,128.69,June,Saturday,258.2399999999998,4.456057191700987,25.135827011945242
AP0385,Hyderabad-Tirupati,Express,Kurnool,2024-07-27,59,52,88.31,574.44,486.92,25319.61,147.38,July,Saturday,9107.810000000001,3.897679468041797,44.077031543764356
AP0386,Rajahmundry-Hyderabad,Sleeper,Kurnool,2024-02-25,36,32,91.11,380.38,592.65,18964.76,74.92,February,Sunday,10723.559999999998,5.077148958889482,49.85740575214259
AP0387,Anantapur-Bangalore,Sleeper,Vijayawada,2024-09-08,40,29,73.86,188.46,459.05,13312.48,65.63,September,Sunday,6093.18,2.8715526436081062,70.6382256181683
AP0388,Anantapur-Bangalore,Sleeper,Nellore,2024-05-14,36,8,24.53,389.66,613.77,4910.17,112.98,May,Tuesday,-7517.630000000001,3.448929013984776,12.601165118308268
AP0389,Kadapa-Hyderabad,Super Luxury,Kurnool,2024-02-07,49,29,59.9,224.35,746.84,21658.32,43.56,February,Wednesday,16866.72,5.150367309458218,96.53808780922665
AP0390,Vijayawada-Tirupati,Sleeper,Guntur,2024-03-09,44,34,79.16,280.56,854.09,29039.08,58.89,March,Saturday,22561.18,4.76413652572593,103.50399201596807
AP0391,Hyderabad-Vijayawada,Volvo AC,Tirupati,2024-02-21,57,28,50.1,287.86,819.92,22957.79,75.62,February,Wednesday,14639.59,3.806664903464692,79.75331758493712
AP0392,Nellore-Chennai,Ordinary,Guntur,2024-12-27,55,30,54.9,235.45,293.91,8817.32,69.06,December,Friday,1220.7199999999993,3.409354184766869,37.44880016988745
AP0393,Kakinada-Vijayawada,Ordinary,Hyderabad,2024-04-27,63,27,42.97,302.53,231.62,6253.63,56.8,April,Saturday,5.630000000000109,5.326232394366197,20.671106997653126
AP0394,Vijayawada-Tirupati,Express,Nellore,2024-10-11,63,39,63.29,328.72,417.48,16281.79,73.54,October,Friday,8192.39,4.469948327440848,49.53087734241908
AP0395,Eluru-Hyderabad,Sleeper,Nellore,2024-09-03,44,26,61.22,73.89,799.99,20799.8,17.73,September,Tuesday,18849.5,4.16751269035533,281.4968195966978
AP0396,Nellore-Chennai,Sleeper,Vijayawada,2024-05-17,40,25,63.22,321.9,963.11,24077.82,66.51,May,Friday,16761.72,4.839873703202525,74.7990680335508
AP0397,Eluru-Hyderabad,Volvo AC,Visakhapatnam,2024-05-31,57,29,52.09,212.24,821.15,23813.35,52.43,May,Friday,18046.05,4.048064085447264,112.20010365623821
AP0398,Nellore-Chennai,Super Luxury,Guntur,2024-06-23,45,22,49.94,537.1,824.71,18143.71,111.62,June,Sunday,5865.509999999998,4.811861673535208,33.780878793520756
AP0399,Kakinada-Vijayawada,Ordinary,Guntur,2024-08-26,59,35,60.07,314.12,100.0,3500.0,69.11,August,Monday,-4102.1,4.5452177687744175,11.142238634916593
AP0400,Kadapa-Hyderabad,Ordinary,Guntur,2024-10-08,59,37,63.16,248.27,223.14,8256.24,54.85,October,Tuesday,2222.74,4.526344576116682,33.25508518951142
AP0401,Hyderabad-Vijayawada,Super Luxury,Nellore,2024-07-25,53,50,95.02,274.31,680.6,34029.87,70.55,July,Thursday,26269.370000000003,3.8881644223954646,124.05625022784442
AP0402,Kadapa-Hyderabad,Sleeper,Visakhapatnam,2024-11-07,36,31,87.57,441.54,502.65,15582.07,82.4,November,Thursday,6518.07,5.358495145631068,35.29027947637813
AP0403,Hyderabad-Vijayawada,Sleeper,Hyderabad,2024-12-04,44,35,80.05,278.99,651.96,22818.51,91.38,December,Wednesday,12766.71,3.053075071131539,81.7897057242195
AP0404,Hyderabad-Tirupati,Express,Hyderabad,2024-05-25,55,49,90.35,593.94,390.99,19158.39,163.12,May,Saturday,1215.1899999999987,3.6411230995586075,32.25644004444893
AP0405,Hyderabad-Tirupati,Express,Kurnool,2024-06-21,63,46,73.69,554.79,266.18,12244.47,136.91,June,Friday,-2815.630000000001,4.052224088817471,22.070459092629644
AP0406,Hyderabad-Visakhapatnam,Express,Guntur,2024-12-04,55,52,95.19,572.47,370.52,19267.15,114.59,December,Wednesday,6662.250000000002,4.995811152805655,33.65617412266145
AP0407,Hyderabad-Tirupati,Semi-Sleeper,Kurnool,2024-11-26,59,42,72.23,513.68,200.05,8402.2,151.87,November,Tuesday,-8303.5,3.382366497662474,16.356875876031772
AP0408,Kakinada-Vijayawada,Super Luxury,Visakhapatnam,2024-11-12,45,23,51.91,494.62,766.52,17629.91,145.95,November,Tuesday,1575.4100000000017,3.3889688249400485,35.64334236383486
AP0409,Nellore-Chennai,Ordinary,Tirupati,2024-11-09,55,49,89.12,133.45,286.58,14042.54,28.13,November,Saturday,10948.240000000002,4.744045503021685,105.22697639565382
AP0410,Vijayawada-Visakhapatnam,Ordinary,Visakhapatnam,2024-08-07,55,49,90.52,507.8,335.94,16461.05,140.31,August,Wednesday,1026.949999999999,3.6191290713420283,32.41640409610083
AP0411,Guntur-Hyderabad,Sleeper,Vijayawada,2024-09-01,44,35,79.67,496.9,735.51,25742.94,117.93,September,Sunday,12770.639999999998,4.213516492834732,51.8070839203059
AP0412,Guntur-Hyderabad,Semi-Sleeper,Vijayawada,2024-02-28,63,31,49.5,265.24,190.11,5893.27,66.67,February,Wednesday,-1440.4299999999994,3.9784010799460026,22.218632182174634
AP0413,Rajahmundry-Hyderabad,Sleeper,Visakhapatnam,2024-12-11,36,31,87.91,245.97,869.66,26959.53,52.42,December,Wednesday,21193.329999999998,4.692293017932087,109.6049518233931
AP0414,Kurnool-Hyderabad,Express,Kurnool,2024-08-09,59,51,87.82,568.81,334.22,17045.04,115.48,August,Friday,4342.24,4.925614825077935,29.966139835797545
AP0415,Kadapa-Hyderabad,Ordinary,Kurnool,2024-10-04,59,38,65.86,439.83,184.61,7015.1,126.72,October,Friday,-6924.1,3.4708806818181817,15.949571425323422
AP0416,Kakinada-Vijayawada,Sleeper,Nellore,2024-01-28,44,37,86.17,255.06,671.83,24857.66,45.16,January,Sunday,19890.06,5.647918511957485,97.45808829295068
AP0417,Nellore-Chennai,Ordinary,Guntur,2024-06-24,55,38,69.83,448.01,223.39,8488.78,93.63,June,Monday,-1810.5199999999986,4.784898002776888,18.947746702082544
AP0418,Guntur-Hyderabad,Ordinary,Kurnool,2024-09-14,55,47,85.98,539.67,223.64,10511.28,137.62,September,Saturday,-4626.92,3.9214503705856703,19.477236088720886
AP0419,Nellore-Chennai,Super Luxury,Hyderabad,2024-12-30,53,33,62.51,425.68,493.91,16298.9,85.31,December,Monday,6914.799999999999,4.989801898956746,38.289090396542
AP0420,Anantapur-Bangalore,Super Luxury,Nellore,2024-10-30,45,22,49.92,320.41,585.4,12878.79,59.56,October,Wednesday,6327.1900000000005,5.37961719274681,40.19471926594051
AP0421,Vijayawada-Tirupati,Super Luxury,Kurnool,2024-12-20,53,38,72.59,388.68,800.24,30408.95,72.34,December,Friday,22451.55,5.372961017417749,78.2364670165689
AP0422,Hyderabad-Tirupati,Sleeper,Guntur,2024-03-14,36,19,52.87,583.65,402.57,7648.9,113.57,March,Thursday,-4843.799999999999,5.139121246808136,13.10528570204746
AP0423,Kadapa-Hyderabad,Super Luxury,Hyderabad,2024-07-15,53,28,54.01,329.35,674.98,18899.43,66.56,July,Monday,11577.83,4.9481670673076925,57.38402914832245
AP0424,Eluru-Hyderabad,Super Luxury,Guntur,2024-07-07,49,40,83.24,290.76,767.77,30710.75,63.23,July,Sunday,23755.45,4.598450102799304,105.62233457146787
AP0425,Hyderabad-Visakhapatnam,Super Luxury,Nellore,2024-06-30,53,44,84.79,632.26,630.31,27733.56,117.91,June,Sunday,14763.460000000001,5.362225426172505,43.86416980356183
AP0426,Kakinada-Vijayawada,Semi-Sleeper,Visakhapatnam,2024-08-01,55,39,71.98,406.29,310.02,12090.9,107.03,August,Thursday,317.60000000000036,3.7960384938802205,29.759285239607173
AP0427,Hyderabad-Visakhapatnam,Ordinary,Guntur,2024-06-04,59,33,55.98,621.79,235.67,7777.04,131.92,June,Tuesday,-6734.159999999999,4.713386901152214,12.507502533009538
AP0428,Nellore-Chennai,Express,Kurnool,2024-01-26,55,43,79.38,388.63,421.46,18122.64,89.62,January,Friday,8264.439999999999,4.336420441865655,46.632117952808585
AP0429,Anantapur-Bangalore,Volvo AC,Visakhapatnam,2024-01-07,57,32,57.02,383.19,638.51,20432.41,74.56,January,Sunday,12230.81,5.139350858369099,53.32187687570135
AP0430,Kadapa-Hyderabad,Super Luxury,Nellore,2024-06-27,53,51,97.38,439.54,448.05,22850.32,110.03,June,Thursday,10747.02,3.9947287103517226,51.98689539063566
AP0431,Vijayawada-Visakhapatnam,Sleeper,Vijayawada,2024-08-09,36,33,92.15,469.25,855.94,28245.94,106.55,August,Friday,16525.44,4.404035664007508,60.193798614810866
AP0432,Ongole-Hyderabad,Volvo AC,Tirupati,2024-04-07,53,42,79.63,399.37,868.61,36481.76,132.09,April,Sunday,21951.86,3.023468846998259,91.34827353081103
AP0433,Hyderabad-Visakhapatnam,Volvo AC,Vijayawada,2024-10-19,53,27,51.77,634.64,764.65,20645.42,256.93,October,Saturday,-7616.880000000001,2.470089129334838,32.53091516450271
AP0434,Ongole-Hyderabad,Ordinary,Tirupati,2024-02-25,59,38,65.25,224.32,319.96,12158.53,45.15,February,Sunday,7192.030000000001,4.968327796234773,54.20172075606277
AP0435,Chittoor-Bangalore,Express,Nellore,2024-06-14,55,18,34.0,312.06,258.5,4653.04,65.48,June,Friday,-2549.76,4.765729993891264,14.910722296994168
AP0436,Eluru-Hyderabad,Semi-Sleeper,Vijayawada,2024-09-22,59,51,87.74,314.04,292.66,14925.56,66.24,September,Sunday,7639.16,4.740942028985508,47.527576104954775
AP0437,Nellore-Chennai,Semi-Sleeper,Visakhapatnam,2024-04-15,63,50,80.72,441.54,237.14,11857.05,108.74,April,Monday,-104.35000000000036,4.060511311384955,26.853852425601303
AP0438,Vijayawada-Tirupati,Express,Hyderabad,2024-04-15,59,22,38.16,462.95,346.0,7612.03,91.76,April,Monday,-2481.5700000000006,5.045226678291194,16.44244518846528
AP0439,Eluru-Hyderabad,Sleeper,Hyderabad,2024-02-07,36,25,69.72,344.76,702.98,17574.47,58.8,February,Wednesday,11106.470000000001,5.863265306122449,50.97595428704027
AP0440,Hyderabad-Tirupati,Volvo AC,Nellore,2024-08-11,57,40,71.07,532.15,841.05,33642.14,90.93,August,Sunday,23639.839999999997,5.852303970086879,63.219280278117076
AP0441,Ongole-Hyderabad,Sleeper,Guntur,2024-02-08,40,39,99.39,323.63,1042.74,40667.04,61.04,February,Thursday,33952.64,5.301933158584535,125.65905509377994
AP0442,Nellore-Chennai,Ordinary,Guntur,2024-05-10,59,40,68.04,328.32,178.61,7144.56,70.1,May,Friday,-566.4399999999987,4.683594864479316,21.760964912280702
AP0443,Kadapa-Hyderabad,Semi-Sleeper,Vijayawada,2024-07-03,59,51,87.43,356.75,267.08,13620.89,73.46,July,Wednesday,5540.29,4.856384426898993,38.18049053959355
AP0444,Guntur-Hyderabad,Semi-Sleeper,Visakhapatnam,2024-12-10,55,34,61.85,296.88,349.06,11868.01,60.75,December,Tuesday,5185.51,4.8869135802469135,39.975781460522775
AP0445,Eluru-Hyderabad,Ordinary,Nellore,2024-02-14,63,44,70.38,499.39,282.69,12438.3,101.45,February,Wednesday,1278.7999999999993,4.922523410547067,24.90698652355874
AP0446,Eluru-Hyderabad,Express,Vijayawada,2024-09-29,55,36,67.01,335.82,385.27,13869.72,94.52,September,Sunday,3472.5200000000004,3.5528988573846805,41.30105413614436
AP0447,Nellore-Chennai,Express,Vijayawada,2024-06-04,63,40,63.63,343.04,470.13,18805.02,65.82,June,Tuesday,11564.820000000002,5.211789729565482,54.81873833955224
AP0448,Rajahmundry-Hyderabad,Sleeper,Nellore,2024-08-08,36,24,67.5,385.97,205.45,4930.78,83.27,August,Thursday,-4228.919999999999,4.63516272366999,12.775034329092932
AP0449,Ongole-Hyderabad,Semi-Sleeper,Vijayawada,2024-07-20,63,36,58.35,426.82,202.05,7273.82,91.35,July,Saturday,-2774.6800000000003,4.672359058565955,17.04189119535167
AP0450,Chittoor-Bangalore,Sleeper,Nellore,2024-01-01,36,27,76.26,469.96,443.39,11971.62,108.66,January,Monday,19.020000000000437,4.325050616602246,25.47369988935229
AP0451,Chittoor-Bangalore,Super Luxury,Visakhapatnam,2024-03-12,53,28,53.97,503.19,367.03,10276.85,115.78,March,Tuesday,-2458.949999999999,4.3460874071514946,20.423398716190704
AP0452,Anantapur-Bangalore,Semi-Sleeper,Tirupati,2024-12-16,59,29,50.26,359.91,347.7,10083.27,90.31,December,Monday,149.17000000000007,3.985272948732145,28.016087355172125
AP0453,Hyderabad-Vijayawada,Ordinary,Vijayawada,2024-04-11,63,63,100.0,272.02,304.84,19204.96,54.33,April,Thursday,13228.66,5.0068102337566724,70.60127931769723
AP0454,Vijayawada-Tirupati,Sleeper,Visakhapatnam,2024-05-28,44,27,62.76,182.65,976.09,26354.54,45.95,May,Tuesday,21300.04,3.974972796517954,144.2898439638653
AP0455,Hyderabad-Tirupati,Express,Nellore,2024-01-28,63,43,68.98,589.45,412.0,17715.79,111.46,January,Sunday,5455.190000000002,5.288444284945273,30.054779879548732
AP0456,Hyderabad-Visakhapatnam,Semi-Sleeper,Nellore,2024-02-27,59,59,100.0,590.75,262.88,15509.82,159.01,February,Tuesday,-1981.2799999999988,3.715175146217219,26.254456199746084
AP0457,Kadapa-Hyderabad,Volvo AC,Vijayawada,2024-09-08,57,51,90.58,489.0,998.25,50910.84,114.87,September,Sunday,38275.14,4.256986158265866,104.11214723926379
AP0458,Hyderabad-Tirupati,Semi-Sleeper,Visakhapatnam,2024-05-21,59,46,78.45,522.61,251.53,11570.49,110.29,May,Tuesday,-561.4100000000017,4.738507570949316,22.13981745469853
AP0459,Kadapa-Hyderabad,Ordinary,Nellore,2024-07-29,59,44,75.15,218.64,118.08,5195.4,42.18,July,Monday,555.5999999999995,5.183499288762446,23.762349066959384
AP0460,Hyderabad-Tirupati,Sleeper,Visakhapatnam,2024-05-19,40,40,100.0,540.41,529.2,21167.8,102.68,May,Sunday,9872.999999999998,5.263050253213867,39.16988952832109
AP0461,Kurnool-Hyderabad,Volvo AC,Nellore,2024-05-28,53,37,70.18,299.77,674.32,24949.96,73.01,May,Tuesday,16918.86,4.105875907409943,83.23034326316844
AP0462,Rajahmundry-Hyderabad,Volvo AC,Hyderabad,2024-05-22,49,39,81.16,167.94,716.77,27954.02,35.61,May,Wednesday,24036.920000000002,4.71609098567818,166.45242348457782
AP0463,Kakinada-Vijayawada,Express,Kurnool,2024-03-10,55,54,99.75,169.44,263.17,14211.1,30.26,March,Sunday,10882.5,5.599471249173827,83.87098677998112
AP0464,Hyderabad-Vijayawada,Super Luxury,Tirupati,2024-02-09,49,45,93.77,303.45,727.83,32752.21,64.9,February,Friday,25613.21,4.675654853620955,107.93280606360192
AP0465,Hyderabad-Visakhapatnam,Express,Hyderabad,2024-02-25,59,37,64.27,587.4,481.42,17812.43,91.36,February,Sunday,7762.83,6.429509632224168,30.324191351719442
AP0466,Anantapur-Bangalore,Sleeper,Kurnool,2024-11-27,44,31,72.04,392.33,972.95,30161.48,63.64,November,Wednesday,23161.08,6.164833438089252,76.87783243697908
AP0467,Kurnool-Hyderabad,Express,Guntur,2024-04-03,55,46,83.73,304.03,225.57,10376.08,92.71,April,Wednesday,177.98000000000138,3.2793657642109806,34.12847416373384
AP0468,Rajahmundry-Hyderabad,Express,Guntur,2024-10-04,63,43,68.7,362.95,342.55,14729.45,85.23,October,Friday,5354.15,4.258477062067347,40.58258713321394
AP0469,Nellore-Chennai,Sleeper,Nellore,2024-07-27,40,25,64.43,458.27,506.23,12655.76,111.15,July,Saturday,429.2600000000002,4.122986954565902,27.616383354790845
AP0470,Guntur-Hyderabad,Semi-Sleeper,Visakhapatnam,2024-05-20,63,34,54.04,358.07,147.03,4998.92,89.63,May,Monday,-4860.379999999999,3.9949793595894234,13.960733934705505
AP0471,Hyderabad-Vijayawada,Semi-Sleeper,Hyderabad,2024-05-22,63,44,71.41,266.67,305.77,13453.67,77.1,May,Wednesday,4972.67,3.45875486381323,50.450631867101656
AP0472,Guntur-Hyderabad,Sleeper,Visakhapatnam,2024-01-26,44,38,88.45,335.8,571.39,21712.72,86.26,January,Friday,12224.12,3.8928819846974263,64.6596783799881
AP0473,Eluru-Hyderabad,Sleeper,Vijayawada,2024-01-14,40,28,70.31,355.9,493.48,13817.5,73.27,January,Sunday,5757.8,4.857376825440153,38.82410789547626
AP0474,Ongole-Hyderabad,Sleeper,Nellore,2024-04-09,44,31,71.9,453.19,526.71,16327.95,81.27,April,Tuesday,7388.250000000002,5.576350436815553,36.0289282640835
AP0475,Hyderabad-Tirupati,Express,Tirupati,2024-11-09,55,51,92.96,589.9,442.55,22570.0,139.97,November,Saturday,7173.299999999999,4.214474530256483,38.26072215629768
AP0476,Ongole-Hyderabad,Sleeper,Nellore,2024-12-17,44,30,69.06,306.17,483.61,14508.39,75.24,December,Tuesday,6231.99,4.069245082402977,47.386713263873006
AP0477,Kadapa-Hyderabad,Express,Nellore,2024-12-29,63,41,65.53,385.35,371.52,15232.46,89.72,December,Sunday,5363.259999999998,4.295028979045921,39.528895809004794
AP0478,Hyderabad-Tirupati,Express,Guntur,2024-08-08,59,59,100.0,544.51,273.07,16110.95,122.95,August,Thursday,2586.4500000000007,4.428710858072387,29.587978182218876
AP0479,Kurnool-Hyderabad,Volvo AC,Vijayawada,2024-04-02,49,38,79.11,310.33,740.28,28130.66,72.38,April,Tuesday,20168.86,4.287510361978447,90.64756871717205
AP0480,Kurnool-Hyderabad,Semi-Sleeper,Vijayawada,2024-04-21,55,51,93.28,417.29,245.47,12519.12,135.12,April,Sunday,-2344.08,3.0882918886915336,30.00100649428455
AP0481,Nellore-Chennai,Super Luxury,Nellore,2024-10-17,45,20,46.16,377.08,826.15,16522.9,79.53,October,Thursday,7774.600000000002,4.741355463347165,43.81802270075316
AP0482,Guntur-Hyderabad,Ordinary,Tirupati,2024-08-12,55,29,52.97,514.95,369.06,10702.71,96.14,August,Monday,127.30999999999949,5.356251300187227,20.783979027090005
AP0483,Hyderabad-Visakhapatnam,Ordinary,Visakhapatnam,2024-10-07,63,52,83.59,627.05,146.55,7620.53,139.5,October,Monday,-7724.47,4.494982078853046,12.15298620524679
AP0484,Chittoor-Bangalore,Express,Guntur,2024-01-25,59,58,99.62,265.95,225.13,13057.27,61.56,January,Thursday,6285.67,4.320175438596491,49.096709907877425
AP0485,Ongole-Hyderabad,Super Luxury,Tirupati,2024-11-27,53,37,71.63,399.12,513.12,18985.44,94.72,November,Wednesday,8566.239999999998,4.2136824324324325,47.56825015033073
AP0486,Rajahmundry-Hyderabad,Express,Vijayawada,2024-08-26,55,52,94.77,280.86,209.06,10871.35,52.63,August,Monday,5082.05,5.33650009500285,38.707363099052905
AP0487,Kakinada-Vijayawada,Volvo AC,Tirupati,2024-03-19,53,31,58.51,355.78,868.88,26935.18,90.59,March,Tuesday,16970.28,3.9273650513301686,75.7074034515712
AP0488,Eluru-Hyderabad,Semi-Sleeper,Nellore,2024-10-18,59,38,65.96,303.14,242.07,9198.75,74.92,October,Friday,957.5499999999993,4.046182594767752,30.344890149765785
AP0489,Vijayawada-Tirupati,Sleeper,Vijayawada,2024-05-30,36,15,42.07,205.82,680.08,10201.2,39.69,May,Thursday,5835.300000000001,5.185689090450995,49.56369643377709
AP0490,Ongole-Hyderabad,Express,Nellore,2024-10-01,55,35,65.14,337.87,398.91,13961.72,57.13,October,Tuesday,7677.419999999999,5.914055662524068,41.32275727350756
AP0491,Kadapa-Hyderabad,Express,Guntur,2024-06-12,55,47,85.71,304.09,460.84,21659.68,77.1,June,Wednesday,13178.68,3.9440985732814524,71.22786017297511
AP0492,Hyderabad-Visakhapatnam,Semi-Sleeper,Vijayawada,2024-11-24,55,34,62.11,584.12,375.42,12764.41,166.29,November,Sunday,-5527.489999999998,3.5126586084551086,21.852376224063548
AP0493,Kurnool-Hyderabad,Super Luxury,Visakhapatnam,2024-02-19,53,42,80.11,401.65,729.37,30633.33,76.09,February,Monday,22263.43,5.278617426731501,76.26871654425496
AP0494,Hyderabad-Visakhapatnam,Sleeper,Tirupati,2024-10-16,40,40,100.0,586.06,784.21,31368.35,112.38,October,Wednesday,19006.55,5.214984872753159,53.52412722246869
AP0495,Kadapa-Hyderabad,Express,Hyderabad,2024-05-17,55,55,100.0,313.32,489.3,26911.25,54.99,May,Friday,20862.35,5.697763229678123,85.89062300523426
AP0496,Hyderabad-Visakhapatnam,Express,Tirupati,2024-03-28,59,59,100.0,608.87,400.9,23653.36,145.18,March,Thursday,7683.5599999999995,4.1938972310235565,38.847964261665055
AP0497,Hyderabad-Vijayawada,Super Luxury,Nellore,2024-04-15,53,33,62.34,260.72,632.62,20876.44,65.86,April,Monday,13631.839999999998,3.958700273307015,80.07226142988645
AP0498,Kurnool-Hyderabad,Express,Vijayawada,2024-10-31,63,51,81.77,440.16,490.04,24992.03,75.23,October,Thursday,16716.729999999996,5.850857370729762,56.77942111959287
AP0499,Hyderabad-Visakhapatnam,Volvo AC,Kurnool,2024-10-24,49,32,67.13,609.45,468.68,14997.61,145.01,October,Thursday,-953.489999999998,4.202813599062134,24.60843383378456
AP0500,Nellore-Chennai,Ordinary,Guntur,2024-12-28,63,54,86.22,457.29,349.1,18851.17,96.06,December,Saturday,8284.569999999998,4.7604622111180515,41.22366550766471
AP0501,Anantapur-Bangalore,Ordinary,Vijayawada,2024-12-17,55,19,35.31,318.32,279.37,5308.1,71.02,December,Tuesday,-2504.0999999999995,4.482117713320192,16.675358130183465
AP0502,Rajahmundry-Hyderabad,Express,Tirupati,2024-06-07,63,46,73.57,221.95,552.94,25435.09,47.72,June,Friday,20185.89,4.651089689857502,114.5982879026808
AP0503,Rajahmundry-Hyderabad,Semi-Sleeper,Vijayawada,2024-05-07,55,55,100.0,183.14,379.78,20887.65,34.25,May,Tuesday,17120.15,5.347153284671532,114.05291034181502
AP0504,Kakinada-Vijayawada,Volvo AC,Kurnool,2024-12-21,53,24,45.34,540.16,888.26,21318.27,115.03,December,Saturday,8664.970000000001,4.695818482135095,39.46658397511849
AP0505,Nellore-Chennai,Ordinary,Hyderabad,2024-05-28,59,48,82.04,261.89,279.9,13435.27,66.64,May,Tuesday,6104.870000000001,3.929921968787515,51.30119515827256
AP0506,Nellore-Chennai,Super Luxury,Kurnool,2024-07-17,45,26,58.58,416.54,515.34,13398.93,68.82,July,Wednesday,5828.730000000001,6.05260098808486,32.167210832092955
AP0507,Ongole-Hyderabad,Volvo AC,Hyderabad,2024-11-30,57,45,79.31,438.14,647.96,29158.29,86.3,November,Saturday,19665.29,5.07694090382387,66.55016661341124
AP0508,Anantapur-Bangalore,Ordinary,Guntur,2024-04-04,63,54,87.11,483.22,176.7,9541.7,103.22,April,Thursday,-1812.5,4.68145708196086,19.746078390795084
AP0509,Guntur-Hyderabad,Express,Guntur,2024-02-23,63,24,38.88,343.45,356.36,8552.74,72.12,February,Friday,619.539999999999,4.762201885745978,24.902431212694715
AP0510,Kakinada-Vijayawada,Super Luxury,Tirupati,2024-07-12,49,32,66.76,151.27,791.54,25329.43,35.23,July,Friday,21454.13,4.29378370706784,167.44516427579822
AP0511,Kadapa-Hyderabad,Volvo AC,Kurnool,2024-12-29,49,42,86.79,258.31,1131.64,47528.94,54.25,December,Sunday,41561.44,4.7614746543778805,183.99961286825908
AP0512,Chittoor-Bangalore,Volvo AC,Guntur,2024-06-21,57,27,47.51,526.12,956.16,25816.4,116.92,June,Friday,12955.2,4.499828942866918,49.069413821941765
AP0513,Anantapur-Bangalore,Sleeper,Guntur,2024-07-18,40,15,39.7,276.06,1075.49,16132.33,70.38,July,Thursday,8390.53,3.9224211423699917,58.43776715206839
AP0514,Kakinada-Vijayawada,Express,Visakhapatnam,2024-09-23,55,25,47.16,369.61,655.47,16386.72,97.87,September,Monday,5621.02,3.776540308572596,44.335164091880635
AP0515,Kakinada-Vijayawada,Express,Visakhapatnam,2024-08-17,63,47,75.13,240.78,404.06,18990.81,46.59,August,Saturday,13865.91,5.168061815840309,78.87204086718167
AP0516,Hyderabad-Vijayawada,Express,Tirupati,2024-06-02,63,52,83.61,267.21,558.98,29067.16,42.88,June,Sunday,24350.36,6.231576492537313,108.78021032147001
AP0517,Guntur-Hyderabad,Semi-Sleeper,Tirupati,2024-09-25,59,42,71.36,382.03,306.49,12872.43,82.33,September,Wednesday,3816.130000000001,4.640228349325883,33.69481454336047
AP0518,Rajahmundry-Hyderabad,Sleeper,Kurnool,2024-08-02,44,34,77.8,124.38,812.83,27636.22,34.96,August,Friday,23790.620000000003,3.5577803203661325,222.19183148416147
AP0519,Kadapa-Hyderabad,Express,Tirupati,2024-06-12,55,49,89.15,331.86,217.31,10648.05,80.85,June,Wednesday,1754.5499999999993,4.104638218923934,32.08596998734406
AP0520,Ongole-Hyderabad,Semi-Sleeper,Visakhapatnam,2024-08-04,55,35,64.71,336.37,100.0,3500.0,62.89,August,Sunday,-3417.8999999999996,5.348545078708857,10.405208550108512
AP0521,Hyderabad-Tirupati,Semi-Sleeper,Vijayawada,2024-03-27,59,57,97.22,536.85,371.07,21150.85,115.65,March,Wednesday,8429.349999999999,4.642023346303502,39.39806277358666
AP0522,Rajahmundry-Hyderabad,Express,Nellore,2024-11-01,55,42,76.97,293.03,440.05,18482.02,75.39,November,Friday,10189.12,3.8868550205597554,63.072108657816614
AP0523,Guntur-Hyderabad,Super Luxury,Tirupati,2024-08-05,49,33,67.45,360.85,474.21,15648.96,86.62,August,Monday,6120.759999999998,4.165897021473101,43.36693917140085
AP0524,Vijayawada-Visakhapatnam,Ordinary,Nellore,2024-10-18,63,41,65.1,317.06,329.67,13516.46,77.54,October,Friday,4987.059999999998,4.088986329636317,42.63060619441115
AP0525,Hyderabad-Visakhapatnam,Volvo AC,Visakhapatnam,2024-01-16,49,49,100.0,578.46,976.14,47831.0,149.95,January,Tuesday,31336.5,3.857685895298433,82.6867890606092
AP0526,Hyderabad-Tirupati,Super Luxury,Visakhapatnam,2024-06-06,53,27,51.86,580.06,806.1,21764.79,122.02,June,Thursday,8342.590000000002,4.753810850680216,37.52161845326346
AP0527,Guntur-Hyderabad,Super Luxury,Vijayawada,2024-09-09,49,39,81.5,253.48,764.27,29806.69,63.2,September,Monday,22854.69,4.010759493670886,117.58990847404134
AP0528,Hyderabad-Vijayawada,Express,Vijayawada,2024-09-02,63,23,37.02,282.93,443.6,10202.74,51.21,September,Monday,4569.639999999999,5.52489748096075,36.061004488742796
AP0529,Vijayawada-Tirupati,Volvo AC,Nellore,2024-06-20,49,14,30.54,549.16,872.1,12209.44,143.22,June,Thursday,-3544.76,3.8343806730903505,22.232937577390928
AP0530,Guntur-Hyderabad,Express,Visakhapatnam,2024-04-04,59,32,54.67,320.66,382.26,12232.25,95.99,April,Thursday,1673.3500000000004,3.340556307948745,38.147102850371105
AP0531,Kakinada-Vijayawada,Super Luxury,Tirupati,2024-06-20,49,21,43.65,375.26,503.94,10582.75,66.92,June,Thursday,3221.55,5.607591153616258,28.201113894366575
AP0532,Eluru-Hyderabad,Semi-Sleeper,Vijayawada,2024-06-15,63,59,95.19,406.23,287.32,16952.09,96.96,June,Saturday,6286.490000000002,4.189665841584159,41.73027595204687
AP0533,Chittoor-Bangalore,Volvo AC,Visakhapatnam,2024-07-15,49,48,98.71,393.41,1020.59,48988.11,81.26,July,Monday,40049.51,4.841373369431454,124.52177118019368
AP0534,Kakinada-Vijayawada,Sleeper,Visakhapatnam,2024-01-29,44,16,37.18,393.11,825.17,13202.76,98.48,January,Monday,2369.959999999999,3.991774979691308,33.58540866424156
AP0535,Eluru-Hyderabad,Super Luxury,Kurnool,2024-05-01,45,31,70.0,112.36,754.54,23390.62,26.57,May,Wednesday,20467.92,4.2288295069627395,208.1756852972588
AP0536,Vijayawada-Visakhapatnam,Volvo AC,Visakhapatnam,2024-11-22,49,47,97.95,404.7,1139.14,53539.8,88.85,November,Friday,43766.3,4.554867754642657,132.295033358043
AP0537,Eluru-Hyderabad,Semi-Sleeper,Vijayawada,2024-07-26,55,30,54.95,153.87,264.02,7920.69,38.01,July,Friday,3739.59,4.048145224940805,51.47650614154806
AP0538,Ongole-Hyderabad,Ordinary,Hyderabad,2024-06-19,59,50,86.17,278.3,301.61,15080.68,80.15,June,Wednesday,6264.18,3.4722395508421706,54.188573481854114
AP0539,Guntur-Hyderabad,Sleeper,Visakhapatnam,2024-04-20,44,29,67.48,238.65,652.74,18929.54,40.34,April,Saturday,14492.14,5.915964303420922,79.31925413785879
AP0540,Rajahmundry-Hyderabad,Volvo AC,Tirupati,2024-04-03,53,35,67.27,402.9,597.88,20925.81,88.64,April,Wednesday,11175.410000000002,4.5453519855595665,51.93797468354431
AP0541,Kadapa-Hyderabad,Sleeper,Guntur,2024-03-16,44,39,90.6,317.35,811.73,31657.65,81.43,March,Saturday,22700.35,3.8972123296082524,99.75626280132346
AP0542,Eluru-Hyderabad,Sleeper,Vijayawada,2024-08-03,44,41,94.06,354.52,963.96,39522.44,78.07,August,Saturday,30934.740000000005,4.541052901242475,111.48155252171952
AP0543,Rajahmundry-Hyderabad,Ordinary,Visakhapatnam,2024-08-07,59,57,96.67,403.06,304.13,17335.51,98.72,August,Wednesday,6476.309999999998,4.082860615883306,43.00975040936833
AP0544,Chittoor-Bangalore,Volvo AC,Visakhapatnam,2024-06-16,49,9,20.0,380.61,878.37,7905.32,74.23,June,Sunday,-259.9800000000005,5.127441735147515,20.77013215627545
AP0545,Guntur-Hyderabad,Sleeper,Kurnool,2024-08-23,44,33,75.09,249.89,728.31,24034.12,58.48,August,Friday,17601.32,4.273084815321478,96.17879867141542
AP0546,Kurnool-Hyderabad,Semi-Sleeper,Guntur,2024-03-04,55,39,72.24,291.82,166.76,6503.78,81.95,March,Monday,-2510.7200000000003,3.5609517998779743,22.286957713659106
AP0547,Kurnool-Hyderabad,Super Luxury,Visakhapatnam,2024-11-08,53,31,59.23,225.45,325.25,10082.68,57.57,November,Friday,3749.9800000000005,3.9161021365294424,44.722466178753606
AP0548,Kurnool-Hyderabad,Super Luxury,Guntur,2024-05-13,53,45,85.74,383.09,519.49,23377.12,67.67,May,Monday,15933.419999999998,5.661149697059257,61.022527343444104
AP0549,Anantapur-Bangalore,Ordinary,Guntur,2024-06-25,59,39,66.26,240.19,360.12,14044.67,53.01,June,Tuesday,8213.57,4.531031880777212,58.47316707606478
AP0550,Kurnool-Hyderabad,Volvo AC,Guntur,2024-09-05,53,44,83.52,349.83,614.33,27030.33,81.02,September,Thursday,18118.130000000005,4.317822759812392,77.26704399279652
AP0551,Kadapa-Hyderabad,Semi-Sleeper,Kurnool,2024-05-31,63,43,69.6,338.69,255.13,10970.73,97.87,May,Friday,205.02999999999884,3.4606110146112186,32.39165608668694
AP0552,Hyderabad-Tirupati,Express,Hyderabad,2024-05-05,63,44,70.07,549.05,311.06,13686.43,120.94,May,Sunday,383.03000000000065,4.539854473292541,24.9274747290775
AP0553,Anantapur-Bangalore,Express,Hyderabad,2024-11-24,63,19,30.46,505.88,501.96,9537.22,121.93,November,Sunday,-3875.0800000000017,4.148937915197244,18.852731873171503
AP0554,Hyderabad-Vijayawada,Express,Visakhapatnam,2024-02-14,63,43,68.95,258.19,361.65,15551.12,89.49,February,Wednesday,5707.220000000001,2.885126829813387,60.2313025291452
AP0555,Guntur-Hyderabad,Sleeper,Vijayawada,2024-03-28,40,25,62.84,201.09,800.84,20021.07,43.95,March,Thursday,15186.57,4.5754266211604095,99.56273310458003
AP0556,Vijayawada-Visakhapatnam,Sleeper,Hyderabad,2024-07-27,36,32,89.6,238.74,413.99,13247.66,64.95,July,Saturday,6103.16,3.6757505773672055,55.48990533634916
AP0557,Eluru-Hyderabad,Super Luxury,Hyderabad,2024-01-13,53,47,89.99,475.92,583.9,27443.15,87.85,January,Saturday,17779.65,5.417416050085373,57.66336779290637
AP0558,Vijayawada-Visakhapatnam,Express,Guntur,2024-04-08,63,50,80.14,322.34,302.66,15133.11,66.31,April,Monday,7839.01,4.861106922032875,46.94766395731216
AP0559,Vijayawada-Tirupati,Sleeper,Vijayawada,2024-11-03,36,29,83.01,428.21,700.03,20300.97,110.73,November,Sunday,8120.67,3.8671543393840873,47.40891151537797
AP0560,Kurnool-Hyderabad,Express,Kurnool,2024-06-27,63,43,68.77,329.73,265.04,11396.82,84.37,June,Thursday,2116.119999999999,3.908142704752874,34.56409789828041
AP0561,Vijayawada-Tirupati,Ordinary,Nellore,2024-03-10,55,37,68.34,542.62,242.38,8967.88,148.19,March,Sunday,-7333.02,3.661650583710102,16.526998636246358
AP0562,Hyderabad-Tirupati,Express,Visakhapatnam,2024-11-13,55,33,60.78,537.47,589.78,19462.63,159.7,November,Wednesday,1895.630000000001,3.365497808390733,36.21156529666772
AP0563,Nellore-Chennai,Ordinary,Tirupati,2024-12-23,63,51,81.02,316.09,199.76,10187.83,65.91,December,Monday,2937.7300000000005,4.795782127143074,32.230788699421055
AP0564,Vijayawada-Visakhapatnam,Semi-Sleeper,Visakhapatnam,2024-08-07,59,36,62.21,320.8,262.36,9444.91,77.55,August,Wednesday,914.4099999999999,4.136686009026435,29.441739401496257
AP0565,Vijayawada-Visakhapatnam,Super Luxury,Vijayawada,2024-01-06,53,32,61.68,390.81,717.02,22944.6,79.1,January,Saturday,14243.599999999999,4.940707964601771,58.71037076840408
AP0566,Nellore-Chennai,Express,Nellore,2024-01-26,63,48,77.66,572.07,357.05,17138.57,126.93,January,Friday,3176.2699999999986,4.506972346962893,29.958868669918015
AP0567,Eluru-Hyderabad,Super Luxury,Kurnool,2024-06-24,49,32,65.77,348.56,748.48,23951.33,79.29,June,Monday,15229.43,4.396014629839828,68.71508492081708
AP0568,Vijayawada-Tirupati,Semi-Sleeper,Nellore,2024-11-07,59,42,71.81,452.95,308.51,12957.44,87.14,November,Thursday,3372.040000000001,5.19795731007574,28.606777790043054
AP0569,Guntur-Hyderabad,Volvo AC,Visakhapatnam,2024-08-17,57,43,76.09,329.63,787.06,33843.68,55.44,August,Saturday,27745.28,5.945707070707071,102.67172284076085
AP0570,Kurnool-Hyderabad,Volvo AC,Nellore,2024-06-13,49,34,69.99,227.68,867.78,29504.46,38.88,June,Thursday,25227.66,5.8559670781893,129.5874033731553
AP0571,Rajahmundry-Hyderabad,Super Luxury,Nellore,2024-04-25,53,38,73.3,290.69,817.99,31083.71,61.18,April,Thursday,24353.91,4.751389342922524,106.93078537273384
AP0572,Ongole-Hyderabad,Sleeper,Guntur,2024-11-30,44,30,70.27,194.75,857.0,25709.86,37.32,November,Saturday,21604.66,5.218381564844587,132.01468549422336
AP0573,Eluru-Hyderabad,Semi-Sleeper,Visakhapatnam,2024-12-17,63,60,96.79,449.65,335.21,20112.83,114.82,December,Tuesday,7482.630000000003,3.9161295941473613,44.729967752696545
AP0574,Kadapa-Hyderabad,Semi-Sleeper,Tirupati,2024-12-14,59,44,75.59,368.88,283.93,12492.72,116.71,December,Saturday,-345.3799999999992,3.160654614000514,33.86662329212752
AP0575,Hyderabad-Visakhapatnam,Express,Kurnool,2024-12-12,55,40,74.39,596.58,348.92,13956.75,135.69,December,Thursday,-969.1499999999996,4.396639398629229,23.394599215528512
AP0576,Guntur-Hyderabad,Express,Hyderabad,2024-09-01,59,42,72.87,186.2,507.64,21320.83,60.63,September,Sunday,14651.530000000002,3.0710869206663363,114.50499462943074
AP0577,Guntur-Hyderabad,Super Luxury,Guntur,2024-05-09,45,40,91.05,307.99,674.53,26981.24,77.9,May,Thursday,18412.24,3.953658536585366,87.60427286600215
AP0578,Vijayawada-Visakhapatnam,Sleeper,Nellore,2024-01-16,44,11,26.56,302.65,861.39,9475.25,60.0,January,Tuesday,2875.25,5.0441666666666665,31.307616058152984
AP0579,Hyderabad-Tirupati,Ordinary,Guntur,2024-12-07,55,30,54.78,553.22,220.35,6610.6,147.77,December,Saturday,-9644.1,3.7437910265953844,11.949314919923358
AP0580,Guntur-Hyderabad,Semi-Sleeper,Vijayawada,2024-05-11,55,38,70.67,426.17,261.95,9954.24,115.02,May,Saturday,-2697.959999999999,3.7051817075291256,23.357439519440597
AP0581,Vijayawada-Visakhapatnam,Sleeper,Vijayawada,2024-08-15,36,19,55.54,291.41,722.96,13736.19,61.18,August,Thursday,7006.39,4.7631578947368425,47.136989121855805
AP0582,Chittoor-Bangalore,Semi-Sleeper,Kurnool,2024-07-07,55,28,51.04,436.99,350.23,9806.37,81.04,July,Sunday,891.9699999999993,5.392275419545903,22.4407194672647
AP0583,Kakinada-Vijayawada,Ordinary,Nellore,2024-11-18,59,48,82.42,328.76,306.33,14704.04,57.64,November,Monday,8363.640000000001,5.7036780013879245,44.72575739141015
AP0584,Kurnool-Hyderabad,Express,Vijayawada,2024-02-21,59,48,82.22,372.58,230.05,11042.41,82.54,February,Wednesday,1963.0099999999984,4.51393263872062,29.637688550110045
AP0585,Hyderabad-Visakhapatnam,Super Luxury,Guntur,2024-07-02,53,50,94.55,616.23,453.7,22684.75,139.91,July,Tuesday,7294.65,4.4044743049103,36.812148061600375
AP0586,Hyderabad-Tirupati,Semi-Sleeper,Tirupati,2024-07-03,63,39,63.15,542.66,164.9,6430.98,156.41,July,Wednesday,-10774.119999999999,3.469471261428297,11.850845833486897
AP0587,Kurnool-Hyderabad,Volvo AC,Visakhapatnam,2024-02-11,57,25,44.96,348.41,620.25,15506.16,66.58,February,Sunday,8182.36,5.232952838690298,44.50549639792199
AP0588,Hyderabad-Visakhapatnam,Ordinary,Nellore,2024-07-25,59,35,60.36,589.15,351.49,12302.14,165.39,July,Thursday,-5890.759999999998,3.562186347421247,20.88116778409573
AP0589,Ongole-Hyderabad,Semi-Sleeper,Visakhapatnam,2024-11-16,59,47,79.79,368.11,178.7,8399.02,66.41,November,Saturday,1093.920000000001,5.542990513476886,22.816603732579935
AP0590,Hyderabad-Tirupati,Ordinary,Visakhapatnam,2024-03-14,63,51,81.29,589.25,199.05,10151.61,129.37,March,Thursday,-4079.09,4.554765401561413,17.22801866779805
AP0591,Anantapur-Bangalore,Ordinary,Hyderabad,2024-03-18,59,59,100.0,211.15,256.97,15161.37,65.58,March,Monday,7947.570000000001,3.219731625495578,71.80378877575184
AP0592,Kurnool-Hyderabad,Super Luxury,Vijayawada,2024-12-26,45,27,61.53,397.79,523.14,14124.76,74.84,December,Thursday,5892.360000000001,5.31520577231427,35.5080821539003
AP0593,Vijayawada-Visakhapatnam,Ordinary,Kurnool,2024-10-05,63,25,41.12,223.55,230.52,5762.95,72.92,October,Saturday,-2258.25,3.0656884256719694,25.779244016998433
AP0594,Kurnool-Hyderabad,Express,Guntur,2024-04-06,55,40,73.14,353.37,361.72,14468.73,58.83,April,Saturday,7997.429999999999,6.0066292707802145,40.9449868409882
AP0595,Kurnool-Hyderabad,Semi-Sleeper,Nellore,2024-02-03,63,24,39.33,232.38,100.0,2400.0,47.52,February,Saturday,-2827.2000000000007,4.890151515151515,10.327911179963852
AP0596,Hyderabad-Vijayawada,Ordinary,Hyderabad,2024-06-28,63,51,82.21,278.72,344.55,17572.12,50.43,June,Friday,12024.82,5.526868927225858,63.04578071182548
AP0597,Guntur-Hyderabad,Express,Nellore,2024-03-14,55,48,88.87,253.2,453.74,21779.33,59.55,March,Thursday,15228.830000000002,4.251889168765743,86.01631121642971
AP0598,Hyderabad-Tirupati,Express,Visakhapatnam,2024-10-10,55,55,100.0,590.16,518.33,28508.28,127.48,October,Thursday,14485.479999999998,4.629432067775337,48.30601870679138
AP0599,Hyderabad-Vijayawada,Semi-Sleeper,Visakhapatnam,2024-08-02,59,48,82.4,270.08,208.03,9985.3,52.54,August,Friday,4205.9,5.1404644080700415,36.97163803317535
AP0600,Chittoor-Bangalore,Semi-Sleeper,Nellore,2024-06-14,55,35,64.77,210.42,339.03,11866.04,42.31,June,Friday,7211.9400000000005,4.973292365870952,56.392168044862665
AP0601,Rajahmundry-Hyderabad,Sleeper,Kurnool,2024-11-13,36,25,71.04,318.14,603.49,15087.23,59.29,November,Wednesday,8565.33,5.3658289762185865,47.42324134029044
AP0602,Nellore-Chennai,Ordinary,Tirupati,2024-09-30,63,58,93.07,307.54,275.56,15982.59,71.13,September,Monday,8158.290000000001,4.3236327850414735,51.96914222540157
AP0603,Kakinada-Vijayawada,Volvo AC,Guntur,2024-12-03,53,36,68.59,276.06,541.86,19506.83,50.62,December,Tuesday,13938.630000000001,5.453575661793757,70.66155908135913
AP0604,Anantapur-Bangalore,Volvo AC,Nellore,2024-06-22,49,13,26.6,545.33,751.93,9775.15,124.02,June,Saturday,-3867.0499999999993,4.397113368811483,17.925201254286392
AP0605,Chittoor-Bangalore,Ordinary,Vijayawada,2024-03-16,55,38,69.25,364.3,215.22,8178.28,70.33,March,Saturday,441.97999999999956,5.179866344376511,22.4493000274499
AP0606,Hyderabad-Vijayawada,Super Luxury,Visakhapatnam,2024-12-21,45,36,81.76,250.04,675.99,24335.66,46.83,December,Saturday,19184.36,5.339312406576981,97.32706766917293
AP0607,Nellore-Chennai,Sleeper,Kurnool,2024-07-18,40,22,57.4,334.13,599.9,13197.77,83.4,July,Thursday,4023.7700000000004,4.006354916067146,39.498907610810164
AP0608,Kadapa-Hyderabad,Volvo AC,Kurnool,2024-11-29,49,40,82.32,315.91,572.91,22916.27,73.43,November,Friday,14838.97,4.302192564346997,72.54050204172074
AP0609,Kurnool-Hyderabad,Ordinary,Vijayawada,2024-10-12,63,44,70.47,341.26,243.89,10731.2,69.1,October,Saturday,3130.2000000000016,4.93863965267728,31.445818437554948
AP0610,Hyderabad-Vijayawada,Volvo AC,Vijayawada,2024-10-30,53,41,78.36,259.46,1171.1,48015.13,59.2,October,Wednesday,41503.13,4.38277027027027,185.05792800431666
AP0611,Vijayawada-Visakhapatnam,Express,Vijayawada,2024-07-01,59,40,69.25,397.39,496.03,19841.22,101.29,July,Monday,8699.32,3.9232895646164474,49.92883565263344
AP0612,Chittoor-Bangalore,Express,Tirupati,2024-12-21,55,24,45.21,285.93,227.55,5461.19,38.5,December,Saturday,1226.1899999999996,7.426753246753247,19.099744692756968
AP0613,Guntur-Hyderabad,Express,Tirupati,2024-02-17,55,50,91.27,290.3,436.18,21808.93,112.18,February,Saturday,9469.13,2.5878053128899983,75.12549087151223
AP0614,Hyderabad-Tirupati,Semi-Sleeper,Tirupati,2024-03-09,63,51,81.42,569.67,293.01,14943.53,140.1,March,Saturday,-467.46999999999935,4.066167023554604,26.23190619130374
AP0615,Kurnool-Hyderabad,Sleeper,Guntur,2024-04-15,36,17,47.48,400.75,727.95,12375.22,77.53,April,Monday,3846.92,5.168966851541339,30.880149719276353
AP0616,Nellore-Chennai,Sleeper,Visakhapatnam,2024-08-25,40,16,42.08,354.93,504.41,8070.52,69.39,August,Sunday,437.6200000000008,5.115002161694769,22.73834277181416
AP0617,Hyderabad-Visakhapatnam,Ordinary,Vijayawada,2024-12-24,59,47,80.45,608.44,201.34,9463.07,108.71,December,Tuesday,-2495.029999999999,5.596909207984547,15.553004404707117
AP0618,Vijayawada-Visakhapatnam,Express,Guntur,2024-12-19,55,44,80.24,357.7,503.31,22145.53,77.77,December,Thursday,13590.83,4.5994599459945995,61.910902991333515
AP0619,Guntur-Hyderabad,Sleeper,Visakhapatnam,2024-05-03,36,26,74.82,191.39,619.18,16098.68,48.21,May,Friday,10795.58,3.9699232524372534,84.11453053973563
AP0620,Vijayawada-Tirupati,Volvo AC,Vijayawada,2024-08-27,49,36,75.27,364.16,681.78,24543.96,142.16,August,Tuesday,8906.359999999999,2.561620709060214,67.39883567662565
AP0621,Guntur-Hyderabad,Express,Guntur,2024-10-20,59,46,79.43,143.49,364.84,16782.52,31.73,October,Sunday,13292.220000000001,4.5222187204538296,116.9595093734755
AP0622,Guntur-Hyderabad,Sleeper,Tirupati,2024-08-29,40,27,68.34,352.93,852.93,23029.15,82.39,August,Thursday,13966.250000000002,4.283650928510742,65.2513246252798
AP0623,Guntur-Hyderabad,Super Luxury,Vijayawada,2024-10-15,49,45,93.85,213.31,422.43,19009.51,42.89,October,Tuesday,14291.609999999999,4.973420377710422,89.11682527776475
AP0624,Anantapur-Bangalore,Express,Tirupati,2024-08-21,59,28,47.8,308.34,328.49,9197.82,57.14,August,Wednesday,2912.42,5.396219810990549,29.830122591943958
AP0625,Kakinada-Vijayawada,Ordinary,Visakhapatnam,2024-08-19,59,50,86.42,497.52,214.64,10731.97,128.59,August,Monday,-3412.9300000000003,3.869041138502216,21.570931821836307
AP0626,Hyderabad-Vijayawada,Sleeper,Vijayawada,2024-09-02,40,20,51.29,290.01,606.24,12124.89,60.94,September,Monday,5421.49,4.75894322284214,41.80852384400538
AP0627,Hyderabad-Visakhapatnam,Semi-Sleeper,Kurnool,2024-05-18,55,38,70.23,614.35,195.71,7436.93,144.94,May,Saturday,-8506.47,4.2386504760590595,12.105363392203142
AP0628,Hyderabad-Visakhapatnam,Express,Vijayawada,2024-08-16,55,49,90.24,627.24,428.05,20974.61,186.29,August,Friday,482.71000000000276,3.3670084277202212,33.43952872903514
AP0629,Ongole-Hyderabad,Super Luxury,Vijayawada,2024-01-18,45,40,89.35,332.78,478.59,19143.72,87.32,January,Thursday,9538.520000000002,3.8110398534127348,57.52665424604845
AP0630,Rajahmundry-Hyderabad,Sleeper,Vijayawada,2024-07-04,36,28,79.49,358.32,409.14,11455.93,109.12,July,Thursday,-547.2700000000004,3.283724340175953,31.9712268363474
AP0631,Kakinada-Vijayawada,Volvo AC,Vijayawada,2024-05-30,53,14,27.34,308.54,1074.01,15036.12,58.71,May,Thursday,8578.02,5.255322772951797,48.73313022622674
AP0632,Nellore-Chennai,Semi-Sleeper,Tirupati,2024-11-28,55,37,68.23,424.99,213.01,7881.44,89.98,November,Thursday,-2016.3600000000015,4.723160702378306,18.54500105884844
AP0633,Rajahmundry-Hyderabad,Sleeper,Kurnool,2024-12-20,44,28,65.51,253.46,521.49,14601.85,43.38,December,Friday,9830.05,5.8427846934071,57.61007654067703
AP0634,Eluru-Hyderabad,Volvo AC,Guntur,2024-08-06,53,35,66.91,187.89,552.93,19352.46,44.32,August,Tuesday,14477.259999999998,4.239395306859206,102.9988823247645
AP0635,Kurnool-Hyderabad,Sleeper,Nellore,2024-11-04,44,35,80.87,517.87,675.35,23637.31,174.33,November,Monday,4461.009999999998,2.9706304135834336,45.64332747600749
AP0636,Kakinada-Vijayawada,Ordinary,Tirupati,2024-08-31,55,30,55.51,357.98,354.89,10646.8,93.89,August,Saturday,318.89999999999964,3.8127596123122807,29.741326331079946
AP0637,Guntur-Hyderabad,Volvo AC,Visakhapatnam,2024-03-11,53,51,96.31,543.47,580.28,29594.07,149.28,March,Monday,13173.27,3.6406082529474815,54.45391649953079
AP0638,Nellore-Chennai,Ordinary,Guntur,2024-01-10,55,41,76.22,206.78,301.95,12379.92,51.04,January,Wednesday,6765.52,4.051332288401254,59.87000677048071
AP0639,Chittoor-Bangalore,Semi-Sleeper,Tirupati,2024-03-01,59,15,25.81,320.58,169.53,2542.98,57.4,March,Friday,-3771.02,5.585017421602787,7.932434961632042
AP0640,Vijayawada-Tirupati,Express,Visakhapatnam,2024-07-25,55,24,44.45,241.58,514.6,12350.47,39.01,July,Thursday,8059.37,6.19277108433735,51.123727129729275
AP0641,Chittoor-Bangalore,Express,Tirupati,2024-09-07,55,22,40.59,304.52,324.15,7131.38,83.02,September,Saturday,-2000.8199999999988,3.6680317995663696,23.41842900302115
AP0642,Anantapur-Bangalore,Super Luxury,Kurnool,2024-11-19,49,39,80.0,329.38,852.65,33253.44,78.8,November,Tuesday,24585.440000000002,4.17994923857868,100.95767806181311
AP0643,Kurnool-Hyderabad,Express,Hyderabad,2024-02-17,63,59,94.08,516.21,507.04,29915.15,113.65,February,Saturday,17413.65,4.542102947646282,57.95151198155789
AP0644,Hyderabad-Tirupati,Super Luxury,Vijayawada,2024-01-27,49,45,92.24,583.45,584.0,26279.94,121.68,January,Saturday,12895.139999999998,4.794953977646285,45.042317250835545
AP0645,Vijayawada-Visakhapatnam,Semi-Sleeper,Tirupati,2024-11-06,55,31,56.91,273.42,379.52,11765.14,61.13,November,Wednesday,5040.839999999999,4.472762964174709,43.029551605588466
AP0646,Vijayawada-Tirupati,Volvo AC,Nellore,2024-06-04,53,36,68.4,285.02,737.25,26541.06,62.4,June,Tuesday,19677.06,4.567628205128205,93.1199915795383
AP0647,Vijayawada-Tirupati,Sleeper,Nellore,2024-03-02,44,26,60.2,254.87,924.02,24024.4,63.45,March,Saturday,17044.9,4.016863672182821,94.26138815866913
AP0648,Vijayawada-Visakhapatnam,Volvo AC,Tirupati,2024-02-24,57,51,90.16,464.16,769.44,39241.33,111.95,February,Saturday,26926.83,4.146136668155426,84.54267924853498
AP0649,Kakinada-Vijayawada,Express,Hyderabad,2024-08-18,63,33,53.14,243.39,581.34,19184.25,53.5,August,Sunday,13299.25,4.549345794392523,78.82102797978554
AP0650,Ongole-Hyderabad,Sleeper,Kurnool,2024-06-19,44,35,80.39,417.54,613.82,21483.82,95.03,June,Wednesday,11030.52,4.3937703882984325,51.453321837428746
AP0651,Eluru-Hyderabad,Super Luxury,Tirupati,2024-10-18,45,34,77.32,489.22,454.61,15456.68,102.75,October,Friday,4154.18,4.761265206812652,31.594538244552552
AP0652,Kakinada-Vijayawada,Volvo AC,Vijayawada,2024-05-06,57,34,60.42,459.73,979.26,33294.73,141.57,May,Monday,17722.030000000006,3.2473687928233383,72.42235660061341
AP0653,Nellore-Chennai,Semi-Sleeper,Nellore,2024-04-02,55,26,47.36,185.31,255.32,6638.36,37.18,April,Tuesday,2548.5599999999995,4.984131253362023,35.82299929847283
AP0654,Hyderabad-Tirupati,Ordinary,Hyderabad,2024-02-24,63,50,80.05,562.35,348.63,17431.68,253.73,February,Saturday,-10478.619999999999,2.2163323217593507,30.99791944518538
AP0655,Vijayawada-Visakhapatnam,Volvo AC,Tirupati,2024-03-27,57,28,49.24,272.63,748.73,20964.49,47.58,March,Wednesday,15730.690000000002,5.729928541403951,76.89722334299235
AP0656,Rajahmundry-Hyderabad,Ordinary,Guntur,2024-03-02,55,45,83.38,353.09,253.64,11413.77,84.98,March,Saturday,2065.9699999999993,4.1549776417980695,32.32538446288482
AP0657,Vijayawada-Visakhapatnam,Super Luxury,Hyderabad,2024-02-05,49,26,53.46,548.83,662.79,17232.45,86.78,February,Monday,7686.6500000000015,6.32438349850196,31.398520489040322
AP0658,Nellore-Chennai,Sleeper,Tirupati,2024-11-20,36,21,59.19,298.24,1152.08,24193.62,69.99,November,Wednesday,16494.72,4.261180168595514,81.12131169527896
AP0659,Hyderabad-Visakhapatnam,Express,Hyderabad,2024-07-27,59,47,80.79,597.78,315.72,14838.86,121.91,July,Saturday,1428.7600000000002,4.903453367238126,24.82327946736258
AP0660,Hyderabad-Vijayawada,Volvo AC,Hyderabad,2024-12-30,49,47,97.65,296.63,783.04,36802.7,65.14,December,Monday,29637.299999999996,4.553730426773104,124.06937936149411
AP0661,Chittoor-Bangalore,Volvo AC,Hyderabad,2024-05-25,53,24,45.31,366.43,917.84,22028.05,58.56,May,Saturday,15586.449999999999,6.257342896174864,60.115301694730235
AP0662,Ongole-Hyderabad,Super Luxury,Tirupati,2024-02-07,49,38,77.98,371.63,758.55,28824.99,74.92,February,Wednesday,20583.79,4.960357714895888,77.563678927966
AP0663,Anantapur-Bangalore,Ordinary,Visakhapatnam,2024-07-22,63,42,67.54,425.95,198.09,8319.86,99.83,July,Monday,-2661.4399999999987,4.26675348091756,19.53248033806785
AP0664,Hyderabad-Visakhapatnam,Super Luxury,Kurnool,2024-07-03,45,40,88.94,578.53,431.81,17272.54,164.21,July,Wednesday,-790.5600000000013,3.523110650995676,29.855910670146756
AP0665,Eluru-Hyderabad,Volvo AC,Vijayawada,2024-03-14,53,35,66.2,358.51,598.68,20953.87,62.07,March,Thursday,14126.169999999998,5.775898179474787,58.44710049928872
AP0666,Eluru-Hyderabad,Semi-Sleeper,Tirupati,2024-07-16,63,56,89.6,376.22,342.75,19194.03,93.77,July,Tuesday,8879.33,4.0121574064199645,51.01810111105204
AP0667,Hyderabad-Visakhapatnam,Semi-Sleeper,Guntur,2024-08-01,63,53,85.25,580.32,184.06,9755.04,133.92,August,Thursday,-4976.159999999998,4.333333333333334,16.809760132340777
AP0668,Guntur-Hyderabad,Express,Visakhapatnam,2024-01-17,59,30,52.09,311.78,520.66,15619.82,78.82,January,Wednesday,6949.620000000001,3.955595026642984,50.09885175444224
AP0669,Vijayawada-Visakhapatnam,Semi-Sleeper,Visakhapatnam,2024-01-04,63,28,45.63,235.79,381.98,10695.52,52.13,January,Thursday,4961.22,4.523115288701323,45.36036303490394
AP0670,Nellore-Chennai,Super Luxury,Visakhapatnam,2024-10-22,49,36,74.64,216.63,505.5,18197.87,56.26,October,Tuesday,12009.27,3.850515463917526,84.00438535752204
AP0671,Kadapa-Hyderabad,Volvo AC,Kurnool,2024-12-02,49,44,90.09,294.31,718.14,31598.09,74.1,December,Monday,23447.09,3.9717948717948723,107.36329040807313
AP0672,Rajahmundry-Hyderabad,Express,Hyderabad,2024-04-16,63,53,85.63,333.5,330.05,17492.73,62.15,April,Tuesday,10656.23,5.3660498793242155,52.451964017991
AP0673,Kurnool-Hyderabad,Super Luxury,Visakhapatnam,2024-12-01,49,49,100.0,397.3,771.05,37781.3,99.74,December,Sunday,26809.9,3.9833567274914783,95.09514220991694
AP0674,Kadapa-Hyderabad,Super Luxury,Visakhapatnam,2024-12-27,49,24,49.37,367.02,619.58,14869.86,69.72,December,Friday,7200.660000000001,5.26419965576592,40.51512179172798
AP0675,Vijayawada-Visakhapatnam,Express,Visakhapatnam,2024-08-13,55,32,58.34,384.52,203.41,6509.03,100.65,August,Tuesday,-4562.47,3.8203676105315445,16.92767606366379
AP0676,Hyderabad-Visakhapatnam,Ordinary,Tirupati,2024-08-01,63,54,85.74,580.11,282.34,15246.2,110.91,August,Thursday,3046.1000000000004,5.230457127400595,26.28156728896244
AP0677,Vijayawada-Visakhapatnam,Ordinary,Nellore,2024-04-23,55,37,68.91,271.98,332.81,12313.98,52.25,April,Tuesday,6566.48,5.205358851674641,45.2753143613501
AP0678,Eluru-Hyderabad,Sleeper,Nellore,2024-10-26,40,36,91.74,302.97,699.55,25183.93,94.67,October,Saturday,14770.23,3.2002746382169645,83.12351057860513
AP0679,Hyderabad-Visakhapatnam,Ordinary,Kurnool,2024-11-10,59,59,100.0,562.57,221.64,13076.49,91.72,November,Sunday,2987.289999999999,6.13355865678151,23.244200721687964
AP0680,Vijayawada-Tirupati,Volvo AC,Guntur,2024-02-07,49,23,48.35,309.38,876.08,20149.8,77.22,February,Wednesday,11655.599999999999,4.006475006475006,65.12961406684336
AP0681,Vijayawada-Tirupati,Volvo AC,Vijayawada,2024-06-30,57,39,69.6,421.57,790.58,30832.54,91.73,June,Sunday,20742.239999999998,4.595770195137905,73.13741490143985
AP0682,Kadapa-Hyderabad,Express,Visakhapatnam,2024-01-21,55,21,38.81,458.01,262.64,5515.53,87.17,January,Sunday,-4073.170000000001,5.254215899965584,12.042378987358354
AP0683,Kurnool-Hyderabad,Semi-Sleeper,Kurnool,2024-04-12,63,50,80.38,385.23,310.19,15509.3,101.31,April,Friday,4365.199999999999,3.802487414865265,40.25984476806064
AP0684,Hyderabad-Vijayawada,Ordinary,Visakhapatnam,2024-09-21,63,46,73.93,293.05,206.68,9507.25,61.38,September,Saturday,2755.45,4.774356467904855,32.442415969970995
AP0685,Hyderabad-Visakhapatnam,Express,Tirupati,2024-08-05,55,28,52.05,602.98,330.57,9255.91,221.25,August,Monday,-15081.59,2.7253333333333334,15.350276957776376
AP0686,Kadapa-Hyderabad,Sleeper,Guntur,2024-05-02,40,36,91.54,273.86,508.0,18288.07,65.2,May,Thursday,11116.07,4.200306748466257,66.77890162856934
AP0687,Hyderabad-Vijayawada,Sleeper,Visakhapatnam,2024-03-30,36,14,41.54,280.85,379.39,5311.48,56.32,March,Saturday,-883.7200000000003,4.986683238636364,18.91215951575574
AP0688,Kakinada-Vijayawada,Semi-Sleeper,Visakhapatnam,2024-09-05,63,12,20.0,328.75,191.23,2294.81,60.4,September,Thursday,-4349.1900000000005,5.442880794701987,6.980410646387832
AP0689,Kadapa-Hyderabad,Ordinary,Nellore,2024-02-06,59,51,87.07,300.5,338.67,17272.09,73.26,February,Tuesday,9213.49,4.101829101829102,57.47783693843594
AP0690,Guntur-Hyderabad,Ordinary,Guntur,2024-03-31,55,43,79.33,171.95,351.41,15110.72,36.03,March,Sunday,11147.419999999998,4.772411878989731,87.87856935155568
AP0691,Nellore-Chennai,Sleeper,Vijayawada,2024-02-11,44,22,51.93,417.24,406.37,8940.15,87.73,February,Sunday,-710.1500000000015,4.7559557733956455,21.426876617773942
AP0692,Vijayawada-Visakhapatnam,Ordinary,Visakhapatnam,2024-06-30,55,45,81.89,235.36,162.29,7302.96,48.3,June,Sunday,1989.96,4.872877846790891,31.028891910265123
AP0693,Kadapa-Hyderabad,Super Luxury,Kurnool,2024-01-02,49,45,93.65,370.69,880.08,39603.76,91.37,January,Tuesday,29553.06,4.057020904016635,106.83795084841782
AP0694,Chittoor-Bangalore,Semi-Sleeper,Guntur,2024-04-26,55,32,59.92,345.21,301.76,9656.35,81.62,April,Friday,678.1499999999996,4.22947806910071,27.972393615480435
AP0695,Vijayawada-Visakhapatnam,Sleeper,Kurnool,2024-10-27,44,20,47.33,296.61,813.58,16271.51,74.58,October,Sunday,8067.710000000001,3.9770716009654064,54.85826506186575
AP0696,Kakinada-Vijayawada,Sleeper,Hyderabad,2024-09-05,44,19,44.7,291.07,819.69,15574.06,70.42,September,Thursday,7827.86,4.133342800340812,53.50623561342632
AP0697,Hyderabad-Visakhapatnam,Super Luxury,Hyderabad,2024-07-22,53,48,91.15,606.83,479.22,23002.76,110.29,July,Monday,10870.859999999997,5.502130746214525,37.906431784849126
AP0698,Kurnool-Hyderabad,Ordinary,Vijayawada,2024-11-28,59,33,56.01,251.56,289.1,9540.41,50.64,November,Thursday,3970.01,4.967614533965245,37.924988074415644
AP0699,Hyderabad-Vijayawada,Volvo AC,Visakhapatnam,2024-03-23,49,34,70.85,283.01,685.33,23301.29,42.53,March,Saturday,18622.99,6.654361627086762,82.33380445920639
AP0700,Hyderabad-Vijayawada,Sleeper,Visakhapatnam,2024-01-22,36,22,61.53,295.2,762.7,16779.43,84.56,January,Monday,7477.83,3.4910122989593186,56.84088753387534
AP0701,Hyderabad-Visakhapatnam,Sleeper,Tirupati,2024-08-30,44,42,97.01,618.46,886.1,37216.21,271.18,August,Friday,7386.41,2.2806254148536027,60.1756136209294
AP0702,Rajahmundry-Hyderabad,Semi-Sleeper,Hyderabad,2024-12-24,59,36,61.82,544.46,290.07,10442.39,128.91,December,Tuesday,-3737.710000000001,4.223566829571019,19.179352018513754
AP0703,Kakinada-Vijayawada,Super Luxury,Tirupati,2024-05-19,53,24,45.31,328.11,464.61,11150.63,64.17,May,Sunday,4091.9299999999994,5.113136979897148,33.984425954710304
AP0704,Kadapa-Hyderabad,Semi-Sleeper,Nellore,2024-05-16,59,37,63.35,363.22,260.82,9650.33,82.4,May,Thursday,586.3299999999999,4.408009708737864,26.568828808986286
AP0705,Hyderabad-Vijayawada,Ordinary,Tirupati,2024-06-18,55,39,71.43,254.97,239.8,9352.32,70.28,June,Tuesday,1621.5199999999995,3.627916903813318,36.68008000941287
AP0706,Kadapa-Hyderabad,Sleeper,Tirupati,2024-04-23,44,35,80.4,419.92,518.99,18164.71,119.07,April,Tuesday,5067.01,3.5266649869824476,43.25754905696323
AP0707,Ongole-Hyderabad,Express,Kurnool,2024-02-21,55,36,66.44,523.09,479.19,17250.69,136.5,February,Wednesday,2235.6899999999987,3.8321611721611726,32.97843583322181
AP0708,Vijayawada-Tirupati,Volvo AC,Vijayawada,2024-10-15,57,37,66.39,299.29,721.11,26680.9,68.71,October,Tuesday,19122.800000000003,4.355843399796246,89.14731531290721
AP0709,Ongole-Hyderabad,Super Luxury,Kurnool,2024-03-02,49,31,65.01,275.06,698.18,21643.6,63.63,March,Saturday,14644.3,4.322803708942323,78.68683196393513
AP0710,Hyderabad-Tirupati,Semi-Sleeper,Tirupati,2024-09-02,63,44,70.52,535.84,155.05,6822.18,103.74,September,Monday,-4589.219999999999,5.1652207441681135,12.731748283069573
AP0711,Rajahmundry-Hyderabad,Volvo AC,Nellore,2024-04-15,53,40,77.05,333.19,945.11,37804.23,112.85,April,Monday,25390.730000000003,2.9525033229951263,113.46147843572737
AP0712,Chittoor-Bangalore,Express,Visakhapatnam,2024-02-24,59,26,45.7,330.3,529.87,13776.7,82.34,February,Saturday,4719.300000000001,4.0114160796696625,41.709657886769605
AP0713,Hyderabad-Tirupati,Sleeper,Visakhapatnam,2024-10-31,36,26,73.37,521.62,942.17,24496.38,162.25,October,Thursday,6648.880000000001,3.214915254237288,46.9621180169472
AP0714,Kakinada-Vijayawada,Volvo AC,Hyderabad,2024-04-13,53,40,76.73,240.79,604.53,24181.3,56.04,April,Saturday,18016.9,4.296752319771592,100.42485153037917
AP0715,Vijayawada-Visakhapatnam,Semi-Sleeper,Tirupati,2024-01-30,59,41,69.79,247.24,222.39,9117.86,60.14,January,Tuesday,2502.460000000001,4.111074160292651,36.87857951787737
AP0716,Nellore-Chennai,Express,Hyderabad,2024-08-02,63,53,84.86,293.63,493.97,26180.27,60.77,August,Friday,19495.57,4.831824913608688,89.1607465177264
AP0717,Anantapur-Bangalore,Express,Visakhapatnam,2024-10-15,59,11,20.0,433.28,514.6,5660.63,83.69,October,Tuesday,-3545.2699999999995,5.177201577249373,13.064600258493353
AP0718,Hyderabad-Tirupati,Sleeper,Visakhapatnam,2024-06-25,36,24,68.7,531.49,492.08,11810.02,120.31,June,Tuesday,-1424.08,4.417671016540603,22.22058740521929
AP0719,Kakinada-Vijayawada,Sleeper,Kurnool,2024-05-23,40,24,61.21,402.32,582.41,13977.76,114.17,May,Thursday,1419.0599999999995,3.5238679162652184,34.742891230861005
AP0720,Kadapa-Hyderabad,Ordinary,Vijayawada,2024-03-12,59,42,72.47,524.86,164.82,6922.42,125.34,March,Tuesday,-6864.98,4.187490027126216,13.189078992493236
AP0721,Chittoor-Bangalore,Express,Hyderabad,2024-01-26,59,32,55.41,335.98,238.33,7626.52,60.97,January,Friday,919.8200000000006,5.510578973265541,22.69932734091315
AP0722,Kurnool-Hyderabad,Volvo AC,Visakhapatnam,2024-07-01,57,45,79.03,217.98,956.24,43030.68,49.96,July,Monday,37535.08,4.363090472377902,197.40655105973025
AP0723,Anantapur-Bangalore,Ordinary,Nellore,2024-08-17,59,34,57.9,285.83,343.43,11676.77,49.01,August,Saturday,6285.670000000001,5.832075086716997,40.852149879298885
AP0724,Hyderabad-Tirupati,Express,Visakhapatnam,2024-11-24,55,49,89.36,536.18,276.52,13549.26,91.57,November,Sunday,3476.5600000000013,5.855411160860544,25.269983960610247
AP0725,Vijayawada-Visakhapatnam,Volvo AC,Guntur,2024-10-23,57,33,59.6,262.41,893.65,29490.41,60.37,October,Wednesday,22849.71,4.3466953784992555,112.38295034488014
AP0726,Hyderabad-Visakhapatnam,Sleeper,Guntur,2024-06-22,40,27,68.1,627.95,451.45,12189.17,116.2,June,Saturday,-592.8299999999999,5.404044750430293,19.411051835337208
AP0727,Kadapa-Hyderabad,Super Luxury,Kurnool,2024-09-14,45,38,84.71,341.73,569.43,21638.21,72.79,September,Saturday,13631.309999999998,4.694738288226405,63.31960904807889
AP0728,Nellore-Chennai,Express,Kurnool,2024-10-07,55,44,81.28,393.35,372.65,16396.63,96.1,October,Monday,5825.630000000001,4.093132154006244,41.684581161815174
AP0729,Hyderabad-Vijayawada,Sleeper,Visakhapatnam,2024-10-09,40,31,78.95,284.99,841.98,26101.42,57.43,October,Wednesday,19784.12,4.962388995298625,91.58714340854064
AP0730,Kakinada-Vijayawada,Super Luxury,Kurnool,2024-08-31,45,27,60.48,470.99,517.28,13966.6,87.52,August,Saturday,4339.4000000000015,5.381512797074954,29.653708146669782
AP0731,Hyderabad-Tirupati,Volvo AC,Nellore,2024-06-09,53,44,83.89,500.57,678.33,29846.51,93.26,June,Sunday,19587.909999999996,5.367467295732361,59.62504744591166
AP0732,Kurnool-Hyderabad,Semi-Sleeper,Kurnool,2024-02-27,63,44,70.9,362.22,253.01,11132.44,89.29,February,Tuesday,1310.539999999999,4.056669279874566,30.733918612997623
AP0733,Vijayawada-Tirupati,Volvo AC,Guntur,2024-04-30,49,34,70.68,371.06,856.63,29125.56,90.3,April,Tuesday,19192.56,4.109191583610189,78.49285829784941
AP0734,Kakinada-Vijayawada,Semi-Sleeper,Hyderabad,2024-02-17,63,25,40.76,314.15,282.54,7063.45,64.65,February,Saturday,-48.05000000000109,4.859242072699148,22.484322775744072
AP0735,Rajahmundry-Hyderabad,Ordinary,Visakhapatnam,2024-06-23,59,50,85.29,213.5,350.75,17537.39,42.18,June,Sunday,12897.59,5.0616405879563775,82.1423419203747
AP0736,Guntur-Hyderabad,Super Luxury,Tirupati,2024-07-30,49,39,81.22,356.33,600.24,23409.47,66.13,July,Tuesday,16135.170000000002,5.388326024497203,65.69604018746668
AP0737,Chittoor-Bangalore,Express,Tirupati,2024-06-20,63,34,54.87,337.23,510.39,17353.37,73.89,June,Thursday,9225.47,4.56394640682095,51.458559440144704
AP0738,Rajahmundry-Hyderabad,Express,Nellore,2024-11-14,63,39,62.82,378.98,425.07,16577.7,76.18,November,Thursday,8197.9,4.974796534523497,43.74294158003061
AP0739,Vijayawada-Tirupati,Semi-Sleeper,Hyderabad,2024-02-29,59,42,72.36,376.12,306.76,12884.04,70.72,February,Thursday,5104.840000000001,5.3184389140271495,34.255131341061364
AP0740,Kurnool-Hyderabad,Super Luxury,Vijayawada,2024-10-03,49,42,86.95,273.06,754.41,31685.3,59.12,October,Thursday,25182.1,4.61874154262517,116.0378671354281
AP0741,Hyderabad-Vijayawada,Ordinary,Visakhapatnam,2024-03-17,59,49,84.53,274.64,254.03,12447.46,50.28,March,Sunday,6916.659999999999,5.462211614956245,45.32282260413632
AP0742,Hyderabad-Visakhapatnam,Semi-Sleeper,Kurnool,2024-01-17,55,35,65.12,607.97,256.42,8974.86,215.14,January,Wednesday,-14690.539999999997,2.8259273031514365,14.762011283451486
AP0743,Hyderabad-Tirupati,Super Luxury,Kurnool,2024-12-06,45,43,96.82,543.36,589.97,25368.55,129.99,December,Friday,11069.649999999998,4.1800138472190165,46.68829137220259
AP0744,Anantapur-Bangalore,Super Luxury,Vijayawada,2024-01-16,45,15,34.88,344.81,569.89,8548.35,78.53,January,Tuesday,-89.94999999999891,4.390806061377817,24.79147936544764
AP0745,Nellore-Chennai,Semi-Sleeper,Tirupati,2024-10-23,63,22,35.79,210.46,332.83,7322.19,53.5,October,Wednesday,1437.1899999999996,3.9338317757009347,34.79136177896037
AP0746,Guntur-Hyderabad,Super Luxury,Tirupati,2024-04-12,45,34,77.73,344.31,550.01,18700.2,81.38,April,Friday,9748.400000000001,4.230892111083804,54.31210246580117
AP0747,Hyderabad-Vijayawada,Ordinary,Guntur,2024-06-30,63,39,62.94,294.87,302.76,11807.49,67.39,June,Sunday,4394.59,4.375575011129247,40.04303591413165
AP0748,Kurnool-Hyderabad,Semi-Sleeper,Nellore,2024-08-19,63,58,92.36,252.18,174.82,10139.78,66.97,August,Monday,2773.080000000001,3.7655666716440197,40.20850186374812
AP0749,Vijayawada-Visakhapatnam,Express,Guntur,2024-02-06,63,44,71.16,358.45,557.34,24523.01,69.76,February,Tuesday,16849.409999999996,5.138331422018348,68.41403264053564
AP0750,Kakinada-Vijayawada,Ordinary,Tirupati,2024-02-22,59,34,58.91,312.16,206.66,7026.34,67.62,February,Thursday,-411.8600000000006,4.616385684708666,22.508777549974372
AP0751,Chittoor-Bangalore,Super Luxury,Visakhapatnam,2024-04-10,53,47,89.8,371.7,607.58,28556.28,99.33,April,Wednesday,17629.98,3.742071881606765,76.82615012106537
AP0752,Vijayawada-Tirupati,Sleeper,Vijayawada,2024-06-14,44,17,40.24,489.7,591.22,10050.79,92.83,June,Friday,-160.5099999999984,5.275234299256706,20.524382274862162
AP0753,Kurnool-Hyderabad,Super Luxury,Vijayawada,2024-02-19,49,49,100.0,293.82,291.83,14299.86,60.17,February,Monday,7681.160000000001,4.883164367625062,48.66877680212375
AP0754,Ongole-Hyderabad,Semi-Sleeper,Vijayawada,2024-03-18,63,48,77.23,252.73,292.48,14039.14,51.46,March,Monday,8378.539999999999,4.911193159735717,55.54995449689392
AP0755,Nellore-Chennai,Volvo AC,Visakhapatnam,2024-11-01,53,36,68.31,431.65,664.56,23924.23,96.14,November,Friday,13348.83,4.489806532140628,55.42506660488822
AP0756,Kurnool-Hyderabad,Sleeper,Guntur,2024-05-28,36,17,49.73,381.14,686.34,11667.83,112.29,May,Tuesday,-684.0700000000015,3.3942470389170896,30.612976858896992
AP0757,Kakinada-Vijayawada,Express,Hyderabad,2024-08-01,55,29,53.61,354.46,223.79,6489.84,64.38,August,Thursday,-591.9599999999991,5.505747126436781,18.30908988320262
AP0758,Ongole-Hyderabad,Super Luxury,Tirupati,2024-05-14,49,33,67.6,356.24,532.03,17557.12,60.01,May,Tuesday,10956.02,5.936343942676221,49.28452728497641
AP0759,Ongole-Hyderabad,Volvo AC,Kurnool,2024-10-06,53,47,89.52,310.73,663.72,31195.03,72.05,October,Sunday,23269.53,4.3126995142262325,100.39272036816529
AP0760,Guntur-Hyderabad,Express,Nellore,2024-08-07,59,52,89.57,267.79,405.35,21078.41,75.98,August,Wednesday,12720.609999999999,3.5244801263490393,78.71246125695507
AP0761,Nellore-Chennai,Express,Kurnool,2024-03-03,63,25,40.67,365.15,374.58,9364.61,117.53,March,Sunday,-3563.6899999999987,3.1068663320003402,25.64592633164453
AP0762,Eluru-Hyderabad,Express,Hyderabad,2024-02-22,63,58,93.42,268.81,339.42,19686.22,62.8,February,Thursday,12778.220000000001,4.280414012738854,73.23470108998922
AP0763,Hyderabad-Visakhapatnam,Semi-Sleeper,Tirupati,2024-11-18,55,36,66.11,626.54,233.99,8423.77,135.43,November,Monday,-6473.530000000001,4.626301410322675,13.444903757142402
AP0764,Chittoor-Bangalore,Express,Vijayawada,2024-07-07,63,50,80.03,166.14,442.1,22104.82,48.63,July,Sunday,16755.52,3.41640962368908,133.04935596484893
AP0765,Kurnool-Hyderabad,Semi-Sleeper,Vijayawada,2024-08-21,63,50,79.58,236.19,383.1,19154.93,49.29,August,Wednesday,13733.03,4.79184418746196,81.0996655235192
AP0766,Rajahmundry-Hyderabad,Volvo AC,Kurnool,2024-03-14,57,35,62.14,252.36,785.0,27475.07,71.39,March,Thursday,19622.17,3.5349488723910913,108.87252337929941
AP0767,Eluru-Hyderabad,Volvo AC,Visakhapatnam,2024-11-05,53,47,90.39,350.31,785.52,36919.46,63.88,November,Tuesday,29892.66,5.483876017532874,105.39082526904741
AP0768,Guntur-Hyderabad,Super Luxury,Visakhapatnam,2024-12-14,49,26,54.0,469.78,747.4,19432.46,85.48,December,Saturday,10029.659999999998,5.49578848853533,41.365021925156455
AP0769,Hyderabad-Vijayawada,Express,Vijayawada,2024-06-03,59,58,98.95,282.33,539.85,31311.48,68.28,June,Monday,23800.68,4.134885764499121,110.90383593666986
AP0770,Hyderabad-Vijayawada,Super Luxury,Tirupati,2024-10-24,45,24,54.16,276.27,649.03,15576.68,73.8,October,Thursday,7458.68,3.7434959349593493,56.382089984435524
AP0771,Hyderabad-Visakhapatnam,Ordinary,Nellore,2024-05-31,55,40,73.08,630.2,291.84,11673.73,178.45,May,Friday,-7955.77,3.5315214345755117,18.52384957156458
AP0772,Hyderabad-Visakhapatnam,Semi-Sleeper,Kurnool,2024-05-15,63,60,96.79,588.74,226.44,13586.61,121.85,May,Wednesday,183.11000000000058,4.8316782929831765,23.07743655943201
AP0773,Guntur-Hyderabad,Sleeper,Visakhapatnam,2024-08-08,36,28,79.73,554.3,895.68,25079.0,117.13,August,Thursday,12194.7,4.732348672415265,45.2444524625654
AP0774,Rajahmundry-Hyderabad,Ordinary,Tirupati,2024-09-04,59,32,54.79,327.9,271.85,8699.26,71.98,September,Wednesday,781.46,4.55543206446235,26.53022262885026
AP0775,Hyderabad-Tirupati,Ordinary,Guntur,2024-08-20,59,50,85.25,598.05,100.0,5000.0,150.48,August,Tuesday,-11552.8,3.974282296650718,8.36050497450046
AP0776,Hyderabad-Tirupati,Super Luxury,Tirupati,2024-02-08,45,37,82.53,557.82,546.76,20230.05,94.13,February,Thursday,9875.75,5.926059704663763,36.26626868882435
AP0777,Vijayawada-Tirupati,Express,Kurnool,2024-10-17,59,41,70.43,170.44,329.31,13501.69,40.24,October,Thursday,9075.29,4.2355864811133195,79.21667448955644
AP0778,Kadapa-Hyderabad,Volvo AC,Nellore,2024-04-12,57,47,82.71,509.83,1031.95,48501.79,100.23,April,Friday,37476.49,5.0866008181183275,95.13326010630995
AP0779,Chittoor-Bangalore,Super Luxury,Nellore,2024-11-28,49,44,89.82,139.53,556.86,24501.81,22.75,November,Thursday,21999.31,6.133186813186813,175.602451085788
AP0780,Kurnool-Hyderabad,Volvo AC,Hyderabad,2024-05-22,49,35,71.85,213.66,481.21,16842.25,42.05,May,Wednesday,12216.75,5.081093935790726,78.82734250678648
AP0781,Eluru-Hyderabad,Ordinary,Tirupati,2024-08-27,63,54,86.08,423.1,266.41,14385.9,85.81,August,Tuesday,4946.799999999999,4.930660762148934,34.00118175372252
AP0782,Kakinada-Vijayawada,Super Luxury,Kurnool,2024-11-22,45,45,100.0,429.23,707.36,31831.21,90.64,November,Friday,21860.809999999998,4.735547219770521,74.15886587610372
AP0783,Guntur-Hyderabad,Super Luxury,Kurnool,2024-02-21,49,43,89.44,538.54,468.93,20164.02,143.32,February,Wednesday,4398.8200000000015,3.757605358638013,37.442009878560555
AP0784,Anantapur-Bangalore,Ordinary,Kurnool,2024-12-27,59,22,37.74,142.55,235.87,5189.15,31.8,December,Friday,1691.1499999999996,4.482704402515724,36.40231497720098
AP0785,Kadapa-Hyderabad,Ordinary,Visakhapatnam,2024-06-14,55,52,95.13,379.78,280.09,14564.9,61.43,June,Friday,7807.599999999999,6.182321341364154,38.35088735583759
AP0786,Guntur-Hyderabad,Sleeper,Guntur,2024-06-24,36,24,69.16,312.21,869.2,20860.72,80.03,June,Monday,12057.420000000002,3.901162064225915,66.81630953524872
AP0787,Chittoor-Bangalore,Ordinary,Nellore,2024-09-05,59,54,92.15,443.34,252.51,13635.63,143.42,September,Thursday,-2140.5699999999997,3.091200669362711,30.756597645148194
AP0788,Ongole-Hyderabad,Sleeper,Vijayawada,2024-07-02,40,26,67.25,508.83,934.55,24298.34,101.34,July,Tuesday,13150.94,5.021018354055654,47.7533557376727
AP0789,Rajahmundry-Hyderabad,Volvo AC,Guntur,2024-08-08,49,47,97.17,397.78,866.89,40743.72,90.45,August,Thursday,30794.22,4.397788833609729,102.42777414651316
AP0790,Guntur-Hyderabad,Semi-Sleeper,Kurnool,2024-02-03,59,40,68.64,179.03,256.91,10276.58,44.16,February,Saturday,5418.9800000000005,4.054121376811595,57.401441099257106
AP0791,Hyderabad-Visakhapatnam,Express,Hyderabad,2024-07-30,63,42,67.18,612.53,399.91,16796.11,142.45,July,Tuesday,1126.6100000000024,4.2999648999649,27.420877344783115
AP0792,Hyderabad-Visakhapatnam,Ordinary,Tirupati,2024-02-14,63,50,80.27,626.13,306.37,15318.62,155.77,February,Wednesday,-1816.08,4.01958015022148,24.46555827064667
AP0793,Chittoor-Bangalore,Super Luxury,Visakhapatnam,2024-07-08,53,39,74.39,374.83,466.36,18188.1,82.16,July,Monday,9150.499999999998,4.5621957156767285,48.52359736413841
AP0794,Eluru-Hyderabad,Express,Tirupati,2024-11-18,59,44,75.69,434.39,297.0,13068.12,82.89,November,Monday,3950.220000000001,5.240559778019061,30.083841709063286
AP0795,Hyderabad-Visakhapatnam,Sleeper,Visakhapatnam,2024-06-25,40,29,73.8,635.14,771.73,22380.16,141.86,June,Tuesday,6775.559999999998,4.477231072888763,35.2365777623831
AP0796,Hyderabad-Vijayawada,Volvo AC,Guntur,2024-04-25,49,24,50.15,259.05,653.04,15672.94,91.94,April,Thursday,5559.540000000001,2.8175984337611486,60.50160200733449
AP0797,Nellore-Chennai,Ordinary,Nellore,2024-10-06,59,27,46.33,369.1,305.13,8238.6,81.41,October,Sunday,-716.5,4.5338410514678795,22.32078027634787
AP0798,Anantapur-Bangalore,Ordinary,Tirupati,2024-08-16,55,43,78.97,260.6,147.85,6357.62,75.41,August,Friday,-1937.4800000000005,3.455775096141096,24.396085955487333
AP0799,Kurnool-Hyderabad,Ordinary,Tirupati,2024-11-26,63,56,89.89,305.53,279.24,15637.42,75.37,November,Tuesday,7346.719999999999,4.053734907788244,51.181291526200376
AP0800,Kadapa-Hyderabad,Express,Guntur,2024-07-21,55,49,90.87,310.02,357.51,17517.99,62.9,July,Sunday,10598.990000000002,4.928775834658188,56.50599961292821
AP0801,Nellore-Chennai,Semi-Sleeper,Guntur,2024-07-04,63,51,82.15,577.58,249.92,12746.11,151.27,July,Thursday,-3893.59,3.8182058570767503,22.068129090342463
AP0802,Guntur-Hyderabad,Ordinary,Hyderabad,2024-01-10,63,47,74.84,235.21,180.46,8481.48,46.04,January,Wednesday,3417.08,5.10881841876629,36.059181157263716
AP0803,Chittoor-Bangalore,Super Luxury,Hyderabad,2024-04-02,45,9,20.1,261.86,573.33,5159.95,46.57,April,Tuesday,37.25,5.6229332188103935,19.704995035515157
AP0804,Vijayawada-Visakhapatnam,Sleeper,Vijayawada,2024-09-16,36,13,37.44,517.37,562.1,7307.28,137.35,September,Monday,-7801.22,3.766800145613397,14.123895857896668
AP0805,Vijayawada-Visakhapatnam,Semi-Sleeper,Tirupati,2024-06-09,63,27,43.89,505.38,276.23,7458.2,174.03,June,Sunday,-11685.099999999999,2.903982072056542,14.757608136451779
AP0806,Ongole-Hyderabad,Volvo AC,Hyderabad,2024-10-01,49,33,68.31,454.04,843.73,27843.15,154.65,October,Tuesday,10831.650000000001,2.935919818946007,61.32312131089772
AP0807,Hyderabad-Vijayawada,Express,Nellore,2024-10-15,59,53,91.18,262.97,400.53,21227.84,103.69,October,Tuesday,9821.94,2.5361172726395993,80.72342852796896
AP0808,Vijayawada-Tirupati,Express,Guntur,2024-04-03,63,55,88.78,452.94,377.2,20745.85,107.07,April,Wednesday,8968.15,4.2303166152984035,45.80264494193491
AP0809,Hyderabad-Tirupati,Semi-Sleeper,Tirupati,2024-12-08,55,39,72.67,597.5,271.11,10573.38,206.64,December,Sunday,-12157.019999999999,2.8915021293070073,17.696033472803347
AP0810,Vijayawada-Visakhapatnam,Super Luxury,Hyderabad,2024-06-03,53,32,61.25,286.67,446.12,14275.83,57.69,June,Monday,7929.93,4.969145432483966,49.79882792060557
AP0811,Kakinada-Vijayawada,Ordinary,Guntur,2024-05-04,59,30,51.64,265.57,263.06,7891.68,52.97,May,Saturday,2064.9800000000005,5.013592599584671,29.716007079112853
AP0812,Eluru-Hyderabad,Express,Visakhapatnam,2024-11-11,59,27,46.18,643.57,424.22,11454.07,176.74,November,Monday,-7987.330000000002,3.641337557994795,17.797706543188774
AP0813,Ongole-Hyderabad,Volvo AC,Vijayawada,2024-10-18,53,47,89.37,309.07,920.04,43242.0,53.41,October,Friday,37366.9,5.786744055420334,139.91005273886174
AP0814,Vijayawada-Visakhapatnam,Ordinary,Guntur,2024-09-22,55,37,67.83,367.99,426.99,15798.68,71.17,September,Sunday,7969.9800000000005,5.170577490515667,42.9323622924536
AP0815,Chittoor-Bangalore,Express,Kurnool,2024-09-27,59,19,32.49,319.97,451.34,8575.41,65.19,September,Friday,1404.5100000000002,4.908268139285167,26.800668812701186
AP0816,Kadapa-Hyderabad,Volvo AC,Tirupati,2024-03-22,53,45,84.92,215.1,861.97,38788.54,50.57,March,Friday,33225.840000000004,4.253509986157801,180.32794049279406
AP0817,Vijayawada-Visakhapatnam,Ordinary,Vijayawada,2024-09-13,59,17,30.34,393.52,212.66,3615.21,67.41,September,Friday,-3799.8899999999994,5.837709538644118,9.18685200243952
AP0818,Hyderabad-Tirupati,Express,Guntur,2024-05-08,63,49,79.33,545.97,446.12,21860.03,108.56,May,Wednesday,9918.429999999998,5.029200442151805,40.03888492041687
AP0819,Ongole-Hyderabad,Semi-Sleeper,Hyderabad,2024-05-31,63,50,80.14,386.1,319.98,15998.98,73.2,May,Friday,7946.98,5.274590163934426,41.437399637399636
AP0820,Guntur-Hyderabad,Express,Vijayawada,2024-02-23,55,44,80.63,634.09,611.44,26903.43,109.19,February,Friday,14892.53,5.807216778093232,42.428409216357295
AP0821,Kurnool-Hyderabad,Express,Tirupati,2024-02-11,59,49,84.68,285.89,296.18,14513.03,56.87,February,Sunday,8257.330000000002,5.027079303675048,50.76438490328449
AP0822,Ongole-Hyderabad,Express,Vijayawada,2024-08-18,59,56,95.45,198.14,278.31,15585.38,52.56,August,Sunday,9803.779999999999,3.7697869101978685,78.65842333703442
AP0823,Kurnool-Hyderabad,Volvo AC,Visakhapatnam,2024-12-21,49,23,46.98,285.11,722.99,16628.83,55.2,December,Saturday,10556.830000000002,5.165036231884058,58.324260811616575
AP0824,Chittoor-Bangalore,Sleeper,Tirupati,2024-07-19,40,23,58.3,378.41,178.8,4112.39,80.41,July,Friday,-4732.71,4.70600671558264,10.867551068946382
AP0825,Guntur-Hyderabad,Super Luxury,Kurnool,2024-11-23,45,22,50.8,489.97,570.36,12547.89,102.22,November,Saturday,1303.6899999999987,4.793288984543143,25.60950670449211
AP0826,Kadapa-Hyderabad,Sleeper,Hyderabad,2024-05-11,40,36,92.24,347.0,685.02,24660.75,79.6,May,Saturday,15904.75,4.359296482412061,71.06844380403459
AP0827,Vijayawada-Tirupati,Volvo AC,Guntur,2024-07-06,49,31,64.21,405.2,1016.84,31522.03,84.87,July,Saturday,22186.329999999998,4.774360787086131,77.7937561697927
AP0828,Eluru-Hyderabad,Super Luxury,Hyderabad,2024-08-23,45,36,80.08,228.8,512.9,18464.27,48.07,August,Friday,13176.57,4.759725400457666,80.70048076923077
AP0829,Rajahmundry-Hyderabad,Super Luxury,Hyderabad,2024-10-13,45,33,74.13,320.29,491.37,16215.28,75.2,October,Sunday,7943.280000000001,4.259175531914893,50.626869399606605
AP0830,Hyderabad-Visakhapatnam,Ordinary,Kurnool,2024-07-14,59,41,70.42,611.97,284.81,11677.06,202.35,July,Sunday,-10581.44,3.024314306893996,19.081098746670587
AP0831,Ongole-Hyderabad,Semi-Sleeper,Tirupati,2024-09-13,59,39,66.58,244.48,113.85,4440.07,51.95,September,Friday,-1274.4300000000003,4.706063522617901,18.161281086387433
AP0832,Kurnool-Hyderabad,Sleeper,Hyderabad,2024-08-18,40,34,85.13,369.41,422.56,14367.17,68.74,August,Sunday,6805.77,5.37401803898749,38.89220649143228
AP0833,Kadapa-Hyderabad,Express,Kurnool,2024-04-08,63,55,88.0,535.79,289.44,15919.28,98.71,April,Monday,5061.180000000002,5.427920170195522,29.711790067003868
AP0834,Kadapa-Hyderabad,Super Luxury,Nellore,2024-05-11,49,46,93.92,240.38,637.82,29339.87,54.07,May,Saturday,23392.17,4.445718513038654,122.05620267909144
AP0835,Vijayawada-Visakhapatnam,Semi-Sleeper,Vijayawada,2024-08-29,63,47,74.79,425.29,284.53,13372.93,82.47,August,Thursday,4301.23,5.156905541408998,31.444261562698394
AP0836,Hyderabad-Visakhapatnam,Semi-Sleeper,Vijayawada,2024-01-15,55,41,75.75,623.73,164.67,6751.28,142.43,January,Monday,-8916.02,4.3792038194200655,10.82404245426707
AP0837,Vijayawada-Tirupati,Volvo AC,Vijayawada,2024-12-03,49,14,29.75,416.61,1070.2,14982.84,130.78,December,Tuesday,597.0400000000009,3.1855788346842027,35.96370706416072
AP0838,Rajahmundry-Hyderabad,Express,Vijayawada,2024-03-08,59,59,100.0,314.49,409.92,24185.19,90.88,March,Friday,14188.39,3.46049735915493,76.90289039397119
AP0839,Kadapa-Hyderabad,Sleeper,Kurnool,2024-12-10,40,21,52.85,222.08,896.58,18828.15,55.31,December,Tuesday,12744.050000000001,4.01518712710179,84.78093479827089
AP0840,Hyderabad-Tirupati,Express,Vijayawada,2024-03-13,55,43,79.67,521.44,210.72,9061.12,143.79,March,Wednesday,-6755.779999999999,3.626399610543154,17.37710954280454
AP0841,Chittoor-Bangalore,Sleeper,Visakhapatnam,2024-04-21,40,19,49.92,229.07,991.26,18833.87,61.43,April,Sunday,12076.57,3.728959791632753,82.21884140219147
AP0842,Hyderabad-Visakhapatnam,Semi-Sleeper,Kurnool,2024-11-26,55,48,88.14,633.17,188.87,9065.52,137.85,November,Tuesday,-6097.98,4.593180993833878,14.31767139946618
AP0843,Ongole-Hyderabad,Semi-Sleeper,Tirupati,2024-10-11,59,40,69.06,364.29,171.62,6864.76,58.71,October,Friday,406.65999999999985,6.2049054675523765,18.84421751900958
AP0844,Hyderabad-Visakhapatnam,Volvo AC,Nellore,2024-09-09,57,56,99.46,594.58,778.84,43615.18,192.99,September,Monday,22386.28,3.0808850199492204,73.35460324935248
AP0845,Hyderabad-Tirupati,Volvo AC,Nellore,2024-01-09,53,45,86.41,567.2,953.5,42907.5,141.46,January,Tuesday,27346.9,4.009614025166125,75.64791960507756
AP0846,Ongole-Hyderabad,Semi-Sleeper,Guntur,2024-06-03,59,49,83.99,308.48,266.68,13067.23,85.71,June,Monday,3639.130000000001,3.5991132889977835,42.36005575726141
AP0847,Chittoor-Bangalore,Semi-Sleeper,Nellore,2024-11-19,63,41,65.1,382.0,273.92,11230.53,113.2,November,Tuesday,-1221.4699999999993,3.374558303886926,29.39929319371728
AP0848,Anantapur-Bangalore,Sleeper,Guntur,2024-04-15,36,13,37.84,418.96,1006.83,13088.75,86.59,April,Monday,3563.8500000000004,4.838433999307079,31.24104926484629
AP0849,Kadapa-Hyderabad,Volvo AC,Vijayawada,2024-07-23,49,34,70.97,487.43,404.16,13741.4,121.9,July,Tuesday,332.39999999999964,3.998605414273995,28.1915351947972
AP0850,Kakinada-Vijayawada,Ordinary,Hyderabad,2024-06-06,63,37,60.25,501.54,237.06,8771.04,104.37,June,Thursday,-2709.66,4.805403851681517,17.48821629381505
AP0851,Ongole-Hyderabad,Sleeper,Kurnool,2024-11-29,44,43,99.55,449.95,669.43,28785.34,101.47,November,Friday,17623.64,4.4343155612496306,63.97453050338927
AP0852,Anantapur-Bangalore,Sleeper,Hyderabad,2024-04-03,44,26,60.74,524.03,714.9,18587.38,133.3,April,Wednesday,3924.379999999999,3.931207801950487,35.4700685075282
AP0853,Hyderabad-Vijayawada,Sleeper,Kurnool,2024-09-05,40,28,71.89,265.61,531.14,14872.04,57.54,September,Thursday,8542.640000000001,4.616093152589503,55.99201837280223
AP0854,Guntur-Hyderabad,Volvo AC,Visakhapatnam,2024-05-29,53,30,58.42,388.76,719.58,21587.46,101.28,May,Wednesday,10446.66,3.838467614533965,55.529015330795346
AP0855,Vijayawada-Visakhapatnam,Ordinary,Hyderabad,2024-04-25,63,41,65.78,299.43,273.64,11219.44,55.03,April,Thursday,5166.14,5.441213883336362,37.4693250509301
AP0856,Kadapa-Hyderabad,Ordinary,Kurnool,2024-01-10,59,48,82.34,244.82,181.31,8703.06,91.05,January,Wednesday,-1312.4400000000005,2.6888522789676004,35.54881137161996
AP0857,Hyderabad-Vijayawada,Ordinary,Visakhapatnam,2024-12-14,55,54,99.25,264.72,163.44,8825.74,48.31,December,Saturday,3511.6399999999994,5.479610846615608,33.33990631610758
AP0858,Eluru-Hyderabad,Super Luxury,Nellore,2024-01-23,49,31,63.28,386.43,499.78,15493.17,107.65,January,Tuesday,3651.67,3.5896888063167673,40.0930828351836
AP0859,Kurnool-Hyderabad,Super Luxury,Guntur,2024-10-26,49,30,62.25,333.96,712.54,21376.13,51.37,October,Saturday,15725.43,6.501070663811563,64.0080548568691
AP0860,Ongole-Hyderabad,Volvo AC,Hyderabad,2024-05-19,53,45,86.71,216.42,678.38,30527.1,34.86,May,Sunday,26692.5,6.208261617900172,141.05489326309953
AP0861,Ongole-Hyderabad,Express,Kurnool,2024-11-15,55,22,40.28,300.8,569.83,12536.24,54.08,November,Friday,6587.44,5.562130177514793,41.67632978723404
AP0862,Rajahmundry-Hyderabad,Semi-Sleeper,Vijayawada,2024-11-23,55,46,84.58,310.75,236.19,10864.72,65.36,November,Saturday,3675.119999999999,4.754436964504284,34.96289621882542
AP0863,Vijayawada-Tirupati,Sleeper,Hyderabad,2024-01-14,40,30,75.5,449.49,694.74,20842.23,101.57,January,Sunday,9669.53,4.425420891995668,46.36861776680237
AP0864,Ongole-Hyderabad,Ordinary,Vijayawada,2024-12-04,59,46,78.46,271.7,411.45,18926.52,43.98,December,Wednesday,14088.720000000001,6.17780809458845,69.65962458594038
AP0865,Nellore-Chennai,Express,Vijayawada,2024-07-10,55,28,52.51,332.53,365.59,10236.62,73.57,July,Wednesday,2143.920000000002,4.519913008019573,30.78404955943825
AP0866,Vijayawada-Visakhapatnam,Sleeper,Tirupati,2024-03-13,40,40,100.0,294.68,820.75,32829.82,68.58,March,Wednesday,25286.02,4.296879556722077,111.40837518664314
AP0867,Vijayawada-Visakhapatnam,Volvo AC,Hyderabad,2024-10-20,57,24,42.31,441.09,732.03,17568.74,107.25,October,Sunday,5771.240000000002,4.112727272727272,39.830284069010865
AP0868,Kurnool-Hyderabad,Ordinary,Kurnool,2024-10-21,63,51,81.88,398.62,259.07,13212.65,94.02,October,Monday,2870.4500000000007,4.239736226334823,33.1459786262606
AP0869,Chittoor-Bangalore,Semi-Sleeper,Guntur,2024-11-27,63,47,75.37,393.32,236.48,11114.61,96.2,November,Wednesday,532.6100000000006,4.0885654885654885,28.25844096410048
AP0870,Vijayawada-Visakhapatnam,Ordinary,Nellore,2024-08-05,63,60,95.33,345.37,302.76,18165.75,60.13,August,Monday,11551.45,5.743721935805754,52.59793844282943
AP0871,Ongole-Hyderabad,Ordinary,Kurnool,2024-03-12,63,36,57.24,381.92,175.08,6303.04,82.02,March,Tuesday,-2719.159999999999,4.656425262131188,16.503560955173857
AP0872,Guntur-Hyderabad,Semi-Sleeper,Nellore,2024-06-11,55,50,92.68,275.95,303.71,15185.59,53.15,June,Tuesday,9339.09,5.191909689557855,55.030222866461315
AP0873,Eluru-Hyderabad,Semi-Sleeper,Kurnool,2024-03-18,63,37,59.88,318.05,416.78,15420.75,64.46,March,Monday,8330.150000000001,4.9340676388457965,48.485301053293504
AP0874,Hyderabad-Tirupati,Super Luxury,Kurnool,2024-07-28,45,31,69.04,544.08,310.53,9626.52,118.16,July,Sunday,-3371.08,4.604603926878809,17.693206881340977
AP0875,Chittoor-Bangalore,Sleeper,Nellore,2024-12-13,36,13,37.31,336.91,1068.75,13893.8,62.36,December,Friday,7034.199999999999,5.402661962796665,41.23890653290196
AP0876,Kakinada-Vijayawada,Sleeper,Guntur,2024-01-26,36,29,81.24,310.91,607.54,17618.72,66.24,January,Friday,10332.320000000002,4.693689613526571,56.668231964234025
AP0877,Kadapa-Hyderabad,Volvo AC,Kurnool,2024-07-14,53,44,84.88,309.59,658.96,28994.4,80.15,July,Sunday,20177.9,3.862632563942607,93.65418779676348
AP0878,Kakinada-Vijayawada,Ordinary,Nellore,2024-04-08,55,31,57.69,599.74,145.57,4512.71,132.19,April,Monday,-10028.189999999999,4.53695438384144,7.524443925701137
AP0879,Anantapur-Bangalore,Ordinary,Vijayawada,2024-06-13,63,38,60.4,317.33,144.48,5490.34,64.41,June,Thursday,-1594.7599999999993,4.9267194535010095,17.301673336904802
AP0880,Hyderabad-Tirupati,Semi-Sleeper,Vijayawada,2024-06-17,63,60,95.31,524.83,312.86,18771.56,115.64,June,Monday,6051.160000000002,4.538481494292633,35.7669340548368
AP0881,Hyderabad-Tirupati,Semi-Sleeper,Guntur,2024-01-23,63,33,52.59,565.86,204.86,6760.52,128.35,January,Tuesday,-7357.98,4.4087261394624075,11.947336797087619
AP0882,Kadapa-Hyderabad,Semi-Sleeper,Kurnool,2024-02-16,55,42,77.89,378.54,228.29,9587.98,82.08,February,Friday,559.1800000000003,4.611842105263158,25.328842394462935
AP0883,Rajahmundry-Hyderabad,Semi-Sleeper,Guntur,2024-08-21,59,37,63.82,412.09,218.01,8066.3,99.04,August,Wednesday,-2828.1000000000013,4.160844103392568,19.57412215778107
AP0884,Vijayawada-Visakhapatnam,Ordinary,Kurnool,2024-11-24,55,11,21.17,290.92,311.0,3420.95,65.52,November,Sunday,-3786.25,4.44017094017094,11.75907465970026
AP0885,Anantapur-Bangalore,Volvo AC,Tirupati,2024-01-24,53,23,44.12,272.65,887.07,20402.52,45.3,January,Wednesday,15419.52,6.018763796909492,74.83044195855493
AP0886,Ongole-Hyderabad,Volvo AC,Vijayawada,2024-10-08,53,44,83.1,435.67,979.98,43119.22,90.42,October,Tuesday,33173.020000000004,4.818292413182924,98.97220373218262
AP0887,Hyderabad-Vijayawada,Volvo AC,Guntur,2024-03-02,53,37,71.69,270.72,1045.87,38697.33,54.0,March,Saturday,32757.33,5.013333333333334,142.942265070922
AP0888,Hyderabad-Vijayawada,Volvo AC,Nellore,2024-05-07,49,44,91.23,268.28,668.0,29392.21,76.04,May,Tuesday,21027.809999999998,3.528143082588111,109.55796183092292
AP0889,Eluru-Hyderabad,Express,Guntur,2024-08-26,55,36,66.59,371.28,420.94,15153.84,87.71,August,Monday,5505.740000000002,4.233040702314446,40.81512605042017
AP0890,Hyderabad-Vijayawada,Semi-Sleeper,Hyderabad,2024-09-24,59,48,82.84,276.14,150.34,7216.35,55.25,September,Tuesday,1138.8500000000004,4.9980090497737555,26.132939813138265
AP0891,Vijayawada-Tirupati,Semi-Sleeper,Hyderabad,2024-01-02,59,28,48.82,123.05,264.66,7410.4,28.4,January,Tuesday,4286.4,4.33274647887324,60.22267370987403
AP0892,Rajahmundry-Hyderabad,Ordinary,Tirupati,2024-06-26,55,29,53.23,298.13,179.09,5193.64,57.53,June,Wednesday,-1134.6599999999999,5.182165826525291,17.420722503605813
AP0893,Vijayawada-Tirupati,Semi-Sleeper,Vijayawada,2024-08-13,63,41,65.15,357.81,100.0,4100.0,74.91,August,Tuesday,-4140.1,4.776531838205847,11.4585953438976
AP0894,Hyderabad-Vijayawada,Ordinary,Kurnool,2024-08-01,55,29,54.35,283.62,294.35,8536.13,69.66,August,Thursday,873.5299999999997,4.071490094745909,30.09706649742613
AP0895,Kakinada-Vijayawada,Sleeper,Vijayawada,2024-08-24,44,24,55.67,395.21,640.54,15372.94,93.76,August,Saturday,5059.34,4.215123720136519,38.89815541104729
AP0896,Hyderabad-Tirupati,Sleeper,Guntur,2024-04-28,44,28,64.73,582.24,478.14,13388.0,128.57,April,Sunday,-754.6999999999989,4.5285836509294555,22.99395438307227
AP0897,Eluru-Hyderabad,Ordinary,Guntur,2024-02-04,63,57,90.63,550.95,372.36,21224.48,107.5,February,Sunday,9399.48,5.1251162790697675,38.523423178146835
AP0898,Vijayawada-Visakhapatnam,Sleeper,Vijayawada,2024-12-21,36,17,49.38,387.88,740.31,12585.19,76.71,December,Saturday,4147.090000000002,5.056446356407249,32.44609157471383
AP0899,Anantapur-Bangalore,Sleeper,Vijayawada,2024-01-02,36,19,52.78,354.8,285.24,5419.6,65.32,January,Tuesday,-1765.5999999999985,5.431720759338641,15.275084554678692
AP0900,Kakinada-Vijayawada,Volvo AC,Visakhapatnam,2024-05-20,49,22,46.86,355.32,457.93,10074.56,92.45,May,Monday,-94.94000000000051,3.8433747971876686,28.353484183271416
AP0901,Hyderabad-Tirupati,Ordinary,Visakhapatnam,2024-08-29,59,41,71.02,556.78,150.01,6150.59,102.57,August,Thursday,-5132.109999999999,5.428292873159793,11.046715040051726
AP0902,Anantapur-Bangalore,Ordinary,Kurnool,2024-07-24,55,22,41.07,385.07,398.9,8775.81,109.89,July,Wednesday,-3312.09,3.504140504140504,22.790168021398706
AP0903,Chittoor-Bangalore,Sleeper,Visakhapatnam,2024-02-19,40,25,64.42,239.68,652.7,16317.48,46.48,February,Monday,11204.68,5.156626506024097,68.08027369826435
AP0904,Hyderabad-Vijayawada,Volvo AC,Nellore,2024-11-09,57,14,25.56,284.93,894.22,12519.07,78.81,November,Saturday,3849.9699999999993,3.615404136530897,43.93735303407854
AP0905,Nellore-Chennai,Ordinary,Hyderabad,2024-01-21,55,23,43.04,422.1,239.06,5498.29,103.87,January,Sunday,-5927.410000000001,4.063733513045153,13.026036484245438
AP0906,Vijayawada-Visakhapatnam,Express,Visakhapatnam,2024-03-08,59,28,48.69,248.79,307.85,8619.94,40.28,March,Friday,4189.14,6.176514399205561,34.64745367579083
AP0907,Kakinada-Vijayawada,Volvo AC,Guntur,2024-06-23,57,21,36.93,319.9,835.64,17548.37,80.08,June,Sunday,8739.57,3.9947552447552446,54.85579868708972
AP0908,Kakinada-Vijayawada,Express,Hyderabad,2024-03-07,63,35,56.42,388.1,262.48,9186.71,81.15,March,Thursday,260.2099999999991,4.782501540357363,23.670986859056942
AP0909,Vijayawada-Tirupati,Super Luxury,Guntur,2024-06-24,45,28,63.2,386.04,616.06,17249.65,102.36,June,Monday,5990.050000000001,3.7713950762016415,44.683582012226715
AP0910,Hyderabad-Tirupati,Sleeper,Hyderabad,2024-05-01,44,24,55.98,553.02,841.11,20186.74,124.97,May,Wednesday,6440.040000000001,4.42522205329279,36.50273046182779
AP0911,Hyderabad-Tirupati,Semi-Sleeper,Visakhapatnam,2024-05-21,55,55,100.0,558.65,131.7,7243.38,104.18,May,Tuesday,-4216.420000000001,5.362353618736801,12.965864136758258
AP0912,Chittoor-Bangalore,Ordinary,Guntur,2024-10-11,63,39,62.05,192.88,257.44,10040.18,35.95,October,Friday,6085.68,5.365229485396383,52.054023226876815
AP0913,Vijayawada-Tirupati,Semi-Sleeper,Nellore,2024-03-14,59,48,81.84,429.62,253.0,12144.16,88.44,March,Thursday,2415.76,4.857756671189507,28.26721288580606
AP0914,Rajahmundry-Hyderabad,Sleeper,Visakhapatnam,2024-09-04,36,28,78.17,517.13,629.34,17621.49,136.85,September,Wednesday,2567.9900000000016,3.778808914870296,34.07555160211166
AP0915,Vijayawada-Tirupati,Super Luxury,Guntur,2024-04-05,49,30,61.87,260.61,582.14,17464.11,52.97,April,Friday,11637.41,4.919954691334718,67.01243237020836
AP0916,Nellore-Chennai,Sleeper,Nellore,2024-04-30,36,21,60.22,400.59,900.1,18902.09,65.75,April,Tuesday,11669.59,6.092623574144486,47.18562620135301
AP0917,Vijayawada-Tirupati,Semi-Sleeper,Vijayawada,2024-10-15,63,24,38.43,449.57,306.99,7367.72,140.14,October,Tuesday,-8047.679999999998,3.208006279434851,16.388371110171942
AP0918,Nellore-Chennai,Volvo AC,Guntur,2024-02-11,53,31,59.85,468.1,913.0,28302.91,97.06,February,Sunday,17626.309999999998,4.822790026787554,60.4633838923307
AP0919,Chittoor-Bangalore,Ordinary,Vijayawada,2024-08-29,59,48,81.64,639.17,196.54,9433.72,135.34,August,Thursday,-5453.68,4.722698389241909,14.759328504153824
AP0920,Ongole-Hyderabad,Sleeper,Visakhapatnam,2024-05-06,36,32,89.2,217.91,527.63,16884.04,42.58,May,Monday,12200.240000000002,5.1176608736496005,77.4817126336561
AP0921,Vijayawada-Tirupati,Super Luxury,Hyderabad,2024-10-24,45,13,29.11,289.89,600.17,7802.16,53.36,October,Thursday,1932.5599999999995,5.432721139430285,26.91420883783504
AP0922,Vijayawada-Tirupati,Ordinary,Hyderabad,2024-03-29,59,35,60.51,345.1,260.93,9132.47,69.84,March,Friday,1450.0699999999988,4.941294387170676,26.463257026948707
AP0923,Guntur-Hyderabad,Volvo AC,Kurnool,2024-09-20,53,41,78.44,523.44,625.7,25653.64,140.72,September,Friday,10174.439999999999,3.7197271176805007,49.00970502827449
AP0924,Hyderabad-Vijayawada,Sleeper,Guntur,2024-04-19,40,40,100.0,293.86,785.55,31421.99,62.12,April,Friday,24588.79,4.730521571152608,106.92843530933098
AP0925,Hyderabad-Tirupati,Sleeper,Nellore,2024-09-26,44,44,100.0,567.15,700.45,30819.82,204.23,September,Thursday,8354.52,2.7770161092885473,54.34156748655559
AP0926,Hyderabad-Vijayawada,Express,Kurnool,2024-09-21,55,39,71.85,260.02,630.52,24590.14,44.84,September,Saturday,19657.739999999998,5.798840321141837,94.57018690869934
AP0927,Rajahmundry-Hyderabad,Ordinary,Visakhapatnam,2024-07-22,59,47,80.89,388.99,409.31,19237.55,71.58,July,Monday,11363.75,5.4343392008941045,49.455127381166605
AP0928,Guntur-Hyderabad,Ordinary,Nellore,2024-04-04,59,54,92.6,250.17,211.99,11447.36,50.9,April,Thursday,5848.360000000001,4.914931237721022,45.75832433944918
AP0929,Hyderabad-Vijayawada,Express,Guntur,2024-08-22,63,52,83.39,258.29,297.47,15468.26,64.65,August,Thursday,8356.759999999998,3.995204949729312,59.887181075535246
AP0930,Vijayawada-Tirupati,Ordinary,Kurnool,2024-03-04,55,32,59.34,464.01,204.92,6557.49,121.14,March,Monday,-6767.91,3.830361565131253,14.132216978082369
AP0931,Anantapur-Bangalore,Ordinary,Guntur,2024-08-01,55,45,81.88,264.51,265.97,11968.6,47.85,August,Thursday,6705.1,5.527899686520376,45.2481947752448
AP0932,Hyderabad-Visakhapatnam,Volvo AC,Hyderabad,2024-02-25,57,41,72.98,599.44,981.01,40221.55,131.15,February,Sunday,25795.050000000003,4.570644300419367,67.09854197250768
AP0933,Hyderabad-Visakhapatnam,Semi-Sleeper,Visakhapatnam,2024-04-07,59,34,59.14,570.69,262.99,8941.6,141.6,April,Sunday,-6634.4,4.030296610169492,15.66805095586045
AP0934,Kurnool-Hyderabad,Sleeper,Guntur,2024-09-14,40,37,94.31,288.4,826.89,30594.95,78.35,September,Saturday,21976.45,3.6809189534141673,106.0851248266297
AP0935,Nellore-Chennai,Express,Guntur,2024-04-04,63,49,78.96,297.94,416.82,20424.22,60.64,April,Thursday,13753.820000000002,4.913258575197889,68.55145331274754
AP0936,Kadapa-Hyderabad,Ordinary,Visakhapatnam,2024-03-13,63,54,85.76,350.2,287.08,15502.56,61.16,March,Wednesday,8774.96,5.725964682799216,44.267732724157625
AP0937,Guntur-Hyderabad,Ordinary,Visakhapatnam,2024-02-16,55,49,90.3,468.39,360.17,17648.55,118.69,February,Friday,4592.65,3.9463307776560788,37.67917760840325
AP0938,Ongole-Hyderabad,Super Luxury,Vijayawada,2024-09-13,53,44,83.97,164.64,996.3,43837.28,35.32,September,Friday,39952.08,4.661381653454133,266.2614188532556
AP0939,Kurnool-Hyderabad,Super Luxury,Visakhapatnam,2024-11-26,53,44,84.05,368.01,948.15,41718.63,85.95,November,Tuesday,32264.129999999997,4.281675392670157,113.3627618814706
AP0940,Anantapur-Bangalore,Ordinary,Tirupati,2024-09-15,59,29,50.05,285.56,319.37,9261.87,58.97,September,Sunday,2775.170000000001,4.842462268950314,32.434059392071724
AP0941,Vijayawada-Visakhapatnam,Super Luxury,Nellore,2024-03-24,45,17,38.67,242.79,583.67,9922.45,43.81,March,Sunday,5103.35,5.541885414288974,40.86844598212448
AP0942,Kadapa-Hyderabad,Ordinary,Guntur,2024-12-04,59,55,94.2,448.07,309.11,17000.82,89.31,December,Wednesday,7176.719999999999,5.017019370731161,37.94233043944027
AP0943,Eluru-Hyderabad,Semi-Sleeper,Tirupati,2024-11-11,55,41,74.78,340.49,221.71,9089.96,80.43,November,Monday,242.65999999999804,4.233370632848439,26.696701812094332
AP0944,Ongole-Hyderabad,Semi-Sleeper,Vijayawada,2024-01-22,59,43,74.39,228.63,271.14,11659.04,54.16,January,Monday,5701.440000000001,4.221381093057607,50.99523247167914
AP0945,Kadapa-Hyderabad,Express,Kurnool,2024-03-26,63,39,61.93,487.84,383.73,14965.46,111.74,March,Tuesday,2674.0599999999995,4.365849293001611,30.676984257133487
AP0946,Vijayawada-Visakhapatnam,Super Luxury,Hyderabad,2024-01-24,53,34,64.56,406.75,705.93,24001.78,70.24,January,Wednesday,16275.38,5.790859908883827,59.008678549477565
AP0947,Chittoor-Bangalore,Sleeper,Vijayawada,2024-09-05,36,7,20.0,454.1,530.53,3713.74,130.2,September,Thursday,-10608.259999999998,3.4877112135176658,8.178242677824267
AP0948,Chittoor-Bangalore,Ordinary,Tirupati,2024-12-10,55,21,39.38,537.88,233.44,4902.27,105.96,December,Tuesday,-6753.329999999998,5.076255190637977,9.114058897895442
AP0949,Kadapa-Hyderabad,Express,Kurnool,2024-02-26,55,41,75.54,503.03,370.52,15191.39,129.73,February,Monday,921.0900000000001,3.8775148385107534,30.199769397451444
AP0950,Kurnool-Hyderabad,Ordinary,Vijayawada,2024-01-29,55,29,53.17,216.1,184.71,5356.52,39.41,January,Monday,1021.420000000001,5.4833798528292315,24.787228135122632
AP0951,Guntur-Hyderabad,Ordinary,Guntur,2024-06-11,63,35,56.39,420.26,156.28,5469.79,75.39,June,Tuesday,-2823.1099999999997,5.574479373922271,13.015252462761149
AP0952,Kadapa-Hyderabad,Sleeper,Vijayawada,2024-01-07,36,26,74.31,212.04,612.83,15933.67,40.65,January,Sunday,11462.17,5.216236162361624,75.14464252027919
AP0953,Ongole-Hyderabad,Super Luxury,Kurnool,2024-11-03,45,45,100.0,539.22,799.14,35961.4,142.16,November,Sunday,20323.800000000003,3.7930500844119304,66.6915173769519
AP0954,Rajahmundry-Hyderabad,Super Luxury,Tirupati,2024-12-22,53,32,61.94,278.26,484.05,15489.46,65.87,December,Sunday,8243.759999999998,4.224381357218764,55.66542082944009
AP0955,Eluru-Hyderabad,Volvo AC,Tirupati,2024-11-11,57,48,84.62,302.07,712.08,34180.03,90.97,November,Monday,24173.329999999998,3.320545234692756,113.15267984242062
AP0956,Hyderabad-Visakhapatnam,Ordinary,Hyderabad,2024-08-13,59,30,51.53,571.21,257.39,7721.7,109.6,August,Tuesday,-4334.3,5.211770072992701,13.518145690726701
AP0957,Kurnool-Hyderabad,Express,Kurnool,2024-11-19,63,45,72.69,323.99,513.59,23111.77,93.66,November,Tuesday,12809.17,3.4592141789451207,71.33482514892435
AP0958,Rajahmundry-Hyderabad,Volvo AC,Vijayawada,2024-07-24,57,45,80.44,509.14,1215.68,54705.73,97.89,July,Wednesday,43937.83,5.201144141383185,107.44732293671683
AP0959,Rajahmundry-Hyderabad,Semi-Sleeper,Visakhapatnam,2024-09-12,59,43,73.48,439.58,191.83,8248.78,90.13,September,Thursday,-1665.5199999999986,4.87717741040719,18.76513945129442
AP0960,Hyderabad-Tirupati,Semi-Sleeper,Vijayawada,2024-06-13,63,37,58.85,551.15,336.64,12455.68,100.11,June,Thursday,1443.58,5.505444011587254,22.599437539689742
AP0961,Hyderabad-Visakhapatnam,Express,Nellore,2024-08-21,63,43,69.34,577.53,348.96,15005.1,146.59,August,Wednesday,-1119.7999999999993,3.9397639675284806,25.981507454158226
AP0962,Kadapa-Hyderabad,Volvo AC,Hyderabad,2024-03-04,57,33,58.54,428.92,689.55,22755.08,133.23,March,Monday,8099.7800000000025,3.219395031149141,53.0520376760235
AP0963,Anantapur-Bangalore,Ordinary,Visakhapatnam,2024-01-04,55,36,65.78,233.79,327.42,11786.99,40.55,January,Thursday,7326.49,5.765474722564735,50.416998160742544
AP0964,Rajahmundry-Hyderabad,Volvo AC,Kurnool,2024-07-23,49,31,65.1,629.9,787.35,24407.7,127.54,July,Tuesday,10378.3,4.9388427160106625,38.74853151293856
AP0965,Guntur-Hyderabad,Super Luxury,Nellore,2024-09-03,49,29,61.09,351.22,359.22,10417.31,99.14,September,Tuesday,-488.09000000000015,3.5426669356465608,29.660355332839814
AP0966,Hyderabad-Tirupati,Volvo AC,Guntur,2024-01-21,49,36,74.52,548.8,1039.86,37434.96,117.15,January,Sunday,24548.46,4.684592402902261,68.21239067055394
AP0967,Vijayawada-Visakhapatnam,Super Luxury,Vijayawada,2024-10-29,53,24,46.46,304.35,763.03,18312.82,55.06,October,Tuesday,12256.22,5.527606247729749,60.170264498110726
AP0968,Anantapur-Bangalore,Semi-Sleeper,Visakhapatnam,2024-01-26,55,33,61.05,486.7,199.49,6583.1,98.46,January,Friday,-4247.499999999998,4.94312411131424,13.52599137045408
AP0969,Kurnool-Hyderabad,Sleeper,Visakhapatnam,2024-02-20,44,34,79.39,264.72,556.36,18916.08,53.48,February,Tuesday,13033.280000000002,4.949887808526553,71.45693563009972
AP0970,Hyderabad-Vijayawada,Volvo AC,Visakhapatnam,2024-03-19,53,43,82.47,261.4,679.02,29197.8,48.04,March,Tuesday,23913.4,5.441298917568693,111.69778117827086
AP0971,Guntur-Hyderabad,Ordinary,Nellore,2024-05-30,55,34,62.87,311.37,225.14,7654.79,113.81,May,Thursday,-4864.31,2.735875582110535,24.584224555994474
AP0972,Kakinada-Vijayawada,Semi-Sleeper,Hyderabad,2024-11-06,55,28,52.55,491.64,213.6,5980.87,96.05,November,Wednesday,-4584.63,5.1185840707964605,12.16514116019852
AP0973,Hyderabad-Tirupati,Sleeper,Vijayawada,2024-08-08,44,33,77.09,569.92,591.93,19533.71,146.87,August,Thursday,3378.0099999999984,3.8804384830121874,34.27447711959574
AP0974,Nellore-Chennai,Volvo AC,Nellore,2024-10-19,49,21,44.65,414.41,1278.38,26846.06,89.64,October,Saturday,16985.660000000003,4.623047746541722,64.78140006273979
AP0975,Anantapur-Bangalore,Semi-Sleeper,Visakhapatnam,2024-05-06,55,13,24.69,441.99,164.86,2143.22,83.16,May,Monday,-7004.380000000001,5.3149350649350655,4.849023733568632
AP0976,Vijayawada-Tirupati,Sleeper,Visakhapatnam,2024-03-01,40,29,73.98,441.82,512.76,14870.16,107.33,March,Friday,3063.8600000000006,4.116463244200131,33.65660223620479
AP0977,Guntur-Hyderabad,Sleeper,Nellore,2024-12-01,44,37,85.18,277.71,485.64,17968.5,65.8,December,Sunday,10730.5,4.220516717325228,64.70238738252134
AP0978,Hyderabad-Tirupati,Volvo AC,Nellore,2024-10-02,49,45,91.92,533.78,991.76,44629.35,121.68,October,Wednesday,31244.549999999996,4.386752136752136,83.61000786841021
AP0979,Kadapa-Hyderabad,Express,Nellore,2024-07-18,63,39,63.21,103.15,607.38,23687.74,20.86,July,Thursday,21393.140000000003,4.944870565675935,229.64362578768782
AP0980,Hyderabad-Visakhapatnam,Semi-Sleeper,Nellore,2024-05-27,59,35,60.61,634.67,325.02,11375.74,141.23,May,Monday,-4159.5599999999995,4.4938752389718895,17.923865946082216
AP0981,Kakinada-Vijayawada,Sleeper,Hyderabad,2024-09-05,36,11,31.75,194.18,611.52,6726.71,34.46,September,Thursday,2936.11,5.634939059779454,34.64162117622824
AP0982,Kadapa-Hyderabad,Ordinary,Nellore,2024-09-19,63,52,82.86,364.57,283.11,14721.52,65.26,September,Thursday,7542.92,5.586423536622739,40.380503058397565
AP0983,Hyderabad-Vijayawada,Ordinary,Vijayawada,2024-03-16,63,46,73.29,271.75,175.93,8092.73,87.6,March,Saturday,-1543.2700000000004,3.1021689497716896,29.780055197792088
AP0984,Anantapur-Bangalore,Semi-Sleeper,Hyderabad,2024-01-01,63,29,47.21,447.34,277.2,8038.94,89.48,January,Monday,-1803.8600000000015,4.999329459097004,17.97053695175929
AP0985,Hyderabad-Tirupati,Semi-Sleeper,Tirupati,2024-05-05,63,58,92.17,516.16,139.53,8092.93,101.45,May,Sunday,-3066.5699999999997,5.087826515524888,15.679111128332302
AP0986,Eluru-Hyderabad,Super Luxury,Guntur,2024-03-15,45,32,71.47,283.46,288.43,9229.82,72.63,March,Friday,1240.5200000000004,3.902794988296847,32.56127848726452
AP0987,Hyderabad-Visakhapatnam,Ordinary,Vijayawada,2024-11-30,55,36,67.22,622.49,233.75,8415.04,185.27,November,Saturday,-11964.66,3.359907162519566,13.51835370849331
AP0988,Kakinada-Vijayawada,Express,Guntur,2024-10-18,55,38,69.14,399.46,385.97,14666.94,84.27,October,Friday,5397.240000000002,4.740239705707844,36.71691783908277
AP0989,Hyderabad-Tirupati,Ordinary,Nellore,2024-09-15,59,31,54.22,540.01,417.9,12954.86,140.26,September,Sunday,-2473.739999999998,3.85006416654784,23.990037221532937
AP0990,Vijayawada-Visakhapatnam,Express,Guntur,2024-12-10,63,41,66.29,409.86,351.02,14391.63,81.01,December,Tuesday,5480.529999999999,5.059375385754845,35.11352657004831
AP0991,Nellore-Chennai,Super Luxury,Tirupati,2024-01-16,49,26,53.61,349.78,398.91,10371.57,60.78,January,Tuesday,3685.7699999999995,5.754853570253372,29.651695351363717
AP0992,Guntur-Hyderabad,Super Luxury,Vijayawada,2024-11-05,53,53,100.0,263.47,454.44,24085.45,48.9,November,Tuesday,18706.45,5.387934560327199,91.41629027972823
AP0993,Rajahmundry-Hyderabad,Express,Nellore,2024-05-02,55,43,79.45,346.09,312.11,13420.53,78.5,May,Thursday,4785.530000000001,4.408789808917197,38.77757230778122
AP0994,Kakinada-Vijayawada,Ordinary,Guntur,2024-06-28,59,29,49.74,243.38,251.77,7301.36,36.81,June,Friday,3252.2599999999993,6.611790274381961,29.999835647957926
AP0995,Guntur-Hyderabad,Sleeper,Visakhapatnam,2024-05-04,40,29,73.53,447.88,779.11,22594.12,104.16,May,Saturday,11136.519999999999,4.299923195084485,50.446816111458425
AP0996,Kakinada-Vijayawada,Sleeper,Visakhapatnam,2024-03-29,36,17,49.55,326.69,710.37,12076.36,66.15,March,Friday,4799.86,4.938624338624338,36.96580856469436
AP0997,Anantapur-Bangalore,Super Luxury,Vijayawada,2024-06-29,49,20,42.79,485.28,685.86,13717.16,117.59,June,Saturday,782.2600000000002,4.126881537545709,28.266485328058028
AP0998,Hyderabad-Tirupati,Express,Hyderabad,2024-12-14,63,22,35.73,546.93,337.13,7416.93,119.5,December,Saturday,-5728.07,4.576820083682008,13.561022434315179
AP0999,Anantapur-Bangalore,Ordinary,Tirupati,2024-05-13,63,44,71.26,445.66,160.08,7043.43,131.73,May,Monday,-7446.869999999999,3.383132164275412,15.80449221379527
AP1000,Hyderabad-Vijayawada,Ordinary,Visakhapatnam,2024-03-11,63,54,85.82,263.51,217.84,11763.34,63.79,March,Monday,4746.4400000000005,4.130898259915347,44.64096239231908
